# Time (s),Mass (g),Motor mass (g),Longitudinal moment of inertia (kg·m²),Rotational moment of inertia (kg·m²),CP location (cm),CG location (cm),Thrust (N)
0.01,5.70E+04,1.74E+04,56.395,0.268,NaN,250.212,114.957
0.02,5.70E+04,1.74E+04,56.403,0.268,NaN,250.27,344.87
0.03,5.70E+04,1.74E+04,56.412,0.267,NaN,250.328,574.783
0.04,5.69E+04,1.73E+04,56.424,0.267,NaN,250.413,2216.543
0.05,5.69E+04,1.73E+04,56.437,0.267,NaN,250.497,5270.148
0.06,5.68E+04,1.72E+04,56.445,0.267,NaN,250.551,7017.697
0.07,5.68E+04,1.72E+04,56.453,0.267,NaN,250.605,7459.19
0.08,5.68E+04,1.72E+04,56.462,0.267,NaN,250.659,7900.683
0.09,5.67E+04,1.71E+04,56.48,0.267,NaN,250.76,8061.78
0.1,5.67E+04,1.71E+04,56.498,0.267,NaN,250.86,7942.48
0.11,5.67E+04,1.71E+04,56.517,0.267,NaN,250.952,7842.183
0.12,5.66E+04,1.70E+04,56.536,0.267,NaN,251.044,7760.89
0.13,5.66E+04,1.70E+04,56.555,0.267,NaN,251.135,7679.597
0.14,5.66E+04,1.69E+04,56.567,0.266,NaN,251.206,7618.525
0.15,5.65E+04,1.69E+04,56.578,0.266,NaN,251.277,7577.675
0.16,5.65E+04,1.69E+04,56.586,0.266,NaN,251.323,7506.915
0.17,5.64E+04,1.68E+04,56.594,0.266,NaN,251.369,7406.245
0.18,5.64E+04,1.68E+04,56.602,0.266,NaN,251.414,7305.575
0.19,5.64E+04,1.68E+04,56.613,0.266,NaN,251.481,7238.27
0.2,5.63E+04,1.67E+04,56.624,0.266,NaN,251.547,7204.33
0.21,5.63E+04,1.67E+04,56.632,0.266,NaN,251.59,7170.967
0.22,5.63E+04,1.67E+04,56.64,0.266,NaN,251.633,7138.18
0.23,5.62E+04,1.66E+04,56.647,0.266,NaN,251.676,7105.393
0.24,5.62E+04,1.66E+04,56.653,0.266,NaN,251.721,7051.807
0.25,5.62E+04,1.65E+04,56.659,0.265,NaN,251.765,6977.422
0.26,5.61E+04,1.65E+04,56.663,0.265,NaN,251.794,6910.355
0.27,5.61E+04,1.65E+04,56.666,0.265,NaN,251.822,6850.605
0.28,5.61E+04,1.65E+04,56.67,0.265,NaN,251.851,6790.855
0.29,5.60E+04,1.64E+04,56.676,0.265,NaN,251.893,6767.077
0.3,5.60E+04,1.64E+04,56.682,0.265,NaN,251.935,6779.273
0.31,5.60E+04,1.63E+04,56.682,0.265,NaN,251.951,6732.02
0.32,5.59E+04,1.63E+04,56.682,0.265,NaN,251.966,6625.32
0.33,5.59E+04,1.63E+04,56.682,0.265,NaN,251.981,6518.62
0.34,5.58E+04,1.62E+04,56.688,0.265,NaN,252.021,6390.632
0.35,5.58E+04,1.62E+04,56.694,0.265,NaN,252.061,6241.357
0.36,5.58E+04,1.62E+04,56.697,0.264,NaN,252.087,6163.942
0.37,5.57E+04,1.61E+04,56.701,0.264,NaN,252.113,6158.385
0.38,5.57E+04,1.61E+04,56.705,0.264,NaN,252.139,6152.828
0.39,5.57E+04,1.61E+04,56.705,0.264,NaN,252.16,6122.005
0.4,5.56E+04,1.60E+04,56.705,0.264,NaN,252.181,6065.915
0.41,5.56E+04,1.60E+04,56.705,0.264,NaN,252.194,6033.297
0.42,5.56E+04,1.60E+04,56.705,0.264,NaN,252.208,6024.15
0.435,5.55E+04,1.59E+04,56.708,0.264,298.599,252.24,6006.679
0.458,5.54E+04,1.58E+04,56.716,0.264,299.158,252.303,5888.072
0.491,5.53E+04,1.57E+04,56.715,0.263,300.619,252.352,5846.489
0.541,5.52E+04,1.56E+04,56.715,0.263,301.728,252.422,5753.315
0.591,5.50E+04,1.54E+04,56.713,0.262,302.924,252.487,5702.258
0.641,5.48E+04,1.52E+04,56.722,0.262,304.198,252.579,5631.5
0.691,5.47E+04,1.51E+04,56.72,0.262,305.657,252.634,5573.874
0.741,5.45E+04,1.49E+04,56.716,0.261,306.154,252.684,5600.674
0.791,5.44E+04,1.48E+04,56.713,0.261,307.91,252.73,5514.761
0.841,5.42E+04,1.46E+04,56.702,0.26,309.652,252.755,5495.468
0.891,5.41E+04,1.45E+04,56.693,0.26,311.615,252.78,5516.769
0.941,5.39E+04,1.43E+04,56.687,0.26,313.083,252.813,5471.733
0.991,5.38E+04,1.41E+04,56.68,0.259,315.105,252.843,5504.797
1.041,5.36E+04,1.40E+04,56.663,0.259,316.62,252.839,5486.108
1.091,5.35E+04,1.39E+04,56.655,0.259,316.815,252.862,5518.132
1.141,5.33E+04,1.37E+04,56.646,0.258,315.475,252.88,5518.542
1.191,5.32E+04,1.36E+04,56.637,0.258,314.365,252.895,5487.891
1.241,5.30E+04,1.34E+04,56.627,0.257,313.034,252.906,5505.813
1.291,5.29E+04,1.33E+04,56.616,0.257,312.703,252.914,5496.401
1.341,5.28E+04,1.31E+04,56.605,0.257,311.973,252.919,5491.07
1.391,5.26E+04,1.30E+04,56.593,0.256,311.609,252.92,5449.309
1.441,5.25E+04,1.29E+04,56.58,0.256,311.7,252.918,5431.419
1.491,5.23E+04,1.27E+04,56.578,0.256,312.492,252.942,5420.006
1.541,5.22E+04,1.26E+04,56.564,0.255,313.46,252.934,5359.529
1.591,5.21E+04,1.25E+04,56.549,0.255,314.379,252.923,5338.582
1.641,5.20E+04,1.23E+04,56.545,0.255,315.455,252.938,5311.794
1.691,5.18E+04,1.22E+04,56.529,0.254,316.675,252.922,5258.288
1.741,5.17E+04,1.21E+04,56.512,0.254,317.933,252.903,5221.962
1.791,5.16E+04,1.20E+04,56.507,0.254,317.228,252.91,5187.725
1.841,5.14E+04,1.18E+04,56.489,0.253,316.022,252.886,5175.189
1.891,5.13E+04,1.17E+04,56.477,0.253,315.071,252.875,5122.319
1.941,5.12E+04,1.16E+04,56.463,0.253,314.715,252.859,5113.864
1.991,5.11E+04,1.15E+04,56.45,0.252,314.822,252.844,5071.376
2.041,5.10E+04,1.14E+04,56.435,0.252,315.238,252.823,5007.327
2.091,5.08E+04,1.12E+04,56.414,0.252,316.56,252.788,4981.567
2.141,5.07E+04,1.11E+04,56.405,0.252,317.803,252.78,4977.444
2.191,5.06E+04,1.10E+04,56.383,0.251,318.967,252.74,4958.339
2.241,5.05E+04,1.09E+04,56.368,0.251,318.604,252.716,4902.068
2.291,5.04E+04,1.08E+04,56.35,0.251,317.726,252.685,4868.795
2.341,5.03E+04,1.07E+04,56.334,0.25,317.26,252.657,4852.524
2.391,5.02E+04,1.06E+04,56.316,0.25,316.999,252.623,4832.527
2.441,5.01E+04,1.05E+04,56.304,0.25,317.464,252.604,4795.412
2.491,5.00E+04,1.03E+04,56.279,0.25,318.268,252.555,4783.63
2.541,4.98E+04,1.02E+04,56.267,0.249,319.603,252.533,4750.163
2.591,4.97E+04,1.01E+04,56.24,0.249,320.326,252.477,4712.677
2.641,4.96E+04,1.00E+04,56.227,0.249,319.331,252.452,4691.379
2.691,4.95E+04,9916.705,56.2,0.248,318.684,252.397,4666.053
2.741,4.94E+04,9815.275,56.183,0.248,318.836,252.362,4656.125
2.791,4.93E+04,9714.975,56.159,0.248,319.452,252.313,4623.644
2.841,4.92E+04,9615.781,56.141,0.248,320.473,252.275,4587.767
2.891,4.91E+04,9517.675,56.117,0.247,321.378,252.223,4554.861
2.941,4.90E+04,9420.65,56.102,0.247,320.847,252.192,4533.256
2.991,4.89E+04,9324.698,56.074,0.247,320.621,252.13,4525.074
3.041,4.88E+04,9229.802,56.059,0.247,320.655,252.096,4512.147
3.091,4.87E+04,9135.959,56.029,0.246,321.053,252.032,4502.345
3.141,4.87E+04,9043.155,56.014,0.246,321.647,251.997,4471.645
3.191,4.86E+04,8951.388,55.984,0.246,322.644,251.931,4480.781
3.241,4.85E+04,8860.651,55.963,0.246,322.148,251.885,4465.968
3.291,4.84E+04,8742.774,55.925,0.245,322.082,251.801,4424.506
3.341,4.82E+04,8591.932,55.878,0.245,322.316,251.695,4375.625
3.391,4.81E+04,8446.622,55.826,0.245,322.705,251.578,4360.365
3.441,4.79E+04,8304.011,55.768,0.244,323.33,251.45,4356.713
3.491,4.78E+04,8164.049,55.725,0.244,323.994,251.351,4365.056
3.541,4.76E+04,8026.687,55.666,0.244,323.769,251.22,4342.383
3.591,4.75E+04,7891.876,55.622,0.243,323.573,251.12,4306.08
3.641,4.74E+04,7759.57,55.563,0.243,323.72,250.986,4272.614
3.691,4.72E+04,7629.722,55.519,0.243,324.131,250.884,4260.358
3.741,4.71E+04,7502.285,55.458,0.242,324.862,250.749,4284.272
3.791,4.70E+04,7377.215,55.409,0.242,324.937,250.637,4233.255
3.841,4.69E+04,7254.469,55.353,0.242,324.727,250.51,4256.984
3.891,4.67E+04,7134.003,55.292,0.241,324.733,250.373,4203.705
3.941,4.66E+04,7015.774,55.248,0.241,324.938,250.269,4230.035
3.991,4.65E+04,6899.742,55.186,0.241,325.776,250.131,4163.838
4.041,4.64E+04,6785.865,55.142,0.24,325.489,250.028,4128.026
4.091,4.63E+04,6674.103,55.081,0.24,325.206,249.89,4052.097
4.141,4.62E+04,6564.417,55.037,0.24,325.529,249.787,4098.566
4.191,4.61E+04,6456.768,54.976,0.24,326.393,249.649,4062.417
4.241,4.60E+04,6351.12,54.927,0.239,326.504,249.537,4037.302
4.291,4.59E+04,6247.434,54.871,0.239,326.121,249.41,3999.959
4.341,4.58E+04,6145.673,54.811,0.239,326.267,249.272,3977.263
4.391,4.57E+04,6045.803,54.768,0.239,326.625,249.172,4038.147
4.441,4.56E+04,5954.882,54.712,0.238,327.157,249.045,4025.823
4.491,4.55E+04,5858.556,54.652,0.238,326.699,248.909,4005.875
4.541,4.54E+04,5764.02,54.61,0.238,326.696,248.81,4006.686
4.591,4.53E+04,5671.239,54.55,0.238,326.901,248.675,4047.873
4.641,4.52E+04,5580.181,54.509,0.237,327.475,248.578,4011.111
4.691,4.51E+04,5461.414,54.429,0.237,326.807,248.397,3967.504
4.741,4.49E+04,5336.074,54.343,0.237,326.645,248.202,3926.36
4.791,4.48E+04,5212.363,54.275,0.236,327.16,248.044,3906.36
4.841,4.47E+04,5090.25,54.188,0.236,327.38,247.847,3886.36
4.891,4.46E+04,4969.707,54.101,0.236,326.962,247.649,3866.36
4.941,4.45E+04,4850.704,54.033,0.236,326.742,247.489,3846.36
4.991,4.43E+04,4733.213,53.946,0.235,327.06,247.289,3826.36
5.041,4.42E+04,4617.204,53.858,0.235,327.246,247.088,3806.36
5.091,4.41E+04,4502.652,53.782,0.235,326.643,246.909,3786.36
5.141,4.40E+04,4389.529,53.702,0.234,326.583,246.725,3766.36
5.191,4.39E+04,4277.807,53.615,0.234,327.056,246.521,3746.36
5.241,4.38E+04,4167.462,53.547,0.234,326.629,246.36,3726.36
5.291,4.37E+04,4058.468,53.46,0.234,326.256,246.155,3706.36
5.341,4.36E+04,3950.799,53.384,0.233,326.421,245.974,3686.36
5.391,4.35E+04,3844.431,53.306,0.233,326.45,245.788,3666.36
5.441,4.34E+04,3739.339,53.22,0.233,325.868,245.582,3646.36
5.491,4.32E+04,3635.501,53.145,0.232,325.825,245.4,3626.36
5.541,4.31E+04,3532.893,53.068,0.232,326.168,245.213,3606.36
5.591,4.30E+04,3431.491,52.984,0.232,325.416,245.005,3586.36
5.641,4.29E+04,3332.786,52.902,0.232,325.182,244.8,3566.36
5.691,4.29E+04,3264.309,52.862,0.232,325.387,244.701,3466.128
5.741,4.28E+04,3204.03,52.812,0.231,325.246,244.572,1945.831
5.791,4.28E+04,3144.871,52.762,0.231,325.11,244.445,1591.282
5.841,4.27E+04,3086.81,52.723,0.231,325.222,244.344,1318.04
5.891,4.26E+04,3029.827,52.682,0.231,325.43,244.24,1329.016
5.941,4.26E+04,2973.904,52.635,0.231,325.396,244.116,1515
5.991,4.25E+04,2919.019,52.606,0.231,325.156,244.041,1413.225
6.041,4.25E+04,2865.154,52.57,0.23,325.31,243.947,1482.655
6.091,4.24E+04,2825.379,52.544,0.23,325.563,243.878,1496.681
6.141,4.23E+04,2697.005,52.446,0.23,325.443,243.612,1478.176
6.191,4.23E+04,2641.574,52.407,0.23,325.328,243.505,1438.721
6.241,4.22E+04,2587.371,52.363,0.23,325.388,243.378,1250.012
6.291,4.21E+04,2534.369,52.335,0.23,325.568,243.303,1289.11
6.341,4.21E+04,2482.541,52.302,0.23,325.4,243.209,1197.79
6.391,4.20E+04,2431.861,52.268,0.229,325.429,243.11,1019.514
6.441,4.20E+04,2382.303,52.228,0.229,325.65,242.991,984.548
6.491,4.19E+04,2333.844,52.204,0.229,325.573,242.925,907.275
6.541,4.19E+04,2286.457,52.181,0.229,325.6,242.86,588.654
6.591,4.19E+04,2240.12,52.159,0.229,325.696,242.798,836.08
6.641,4.18E+04,2194.81,52.131,0.229,325.942,242.715,326.318
6.691,4.18E+04,2150.503,52.116,0.229,325.74,242.679,267.038
6.741,4.17E+04,2107.178,52.091,0.229,325.755,242.6,549.629
6.791,4.17E+04,2064.812,52.071,0.228,326.172,242.546,213.604
6.841,4.16E+04,2023.385,52.053,0.228,326.041,242.493,99.447
6.891,4.16E+04,1982.876,52.04,0.228,325.93,242.464,68.652
6.941,4.16E+04,1943.264,52.027,0.228,326.067,242.434,86.01
6.991,4.15E+04,1904.53,52.015,0.228,326.486,242.407,56.637
7.041,4.15E+04,1866.653,52.004,0.228,326.172,242.38,58.682
7.091,4.14E+04,1829.615,51.992,0.228,326.35,242.353,53.226
7.141,4.14E+04,1793.399,51.981,0.228,326.705,242.327,53.044
7.191,4.14E+04,1757.983,51.97,0.228,326.839,242.302,50.307
7.241,4.13E+04,1723.353,51.959,0.228,326.568,242.277,42.392
7.291,4.13E+04,1689.489,51.949,0.227,326.829,242.252,42.565
7.341,4.13E+04,1656.376,51.938,0.227,327.048,242.228,33.542
7.391,4.12E+04,1623.996,51.928,0.227,326.934,242.205,23.401
7.441,4.12E+04,1592.334,51.918,0.227,326.974,242.182,22.891
7.491,4.12E+04,1561.373,51.909,0.227,327.142,242.16,24.695
7.541,4.11E+04,1531.097,51.899,0.227,327.149,242.138,11.734
7.591,4.11E+04,1501.493,51.89,0.227,326.954,242.116,7.77
7.641,4.11E+04,1472.543,51.881,0.227,327.098,242.095,2.048
7.691,4.11E+04,1444.236,51.872,0.227,327.43,242.074,0
7.741,4.10E+04,1416.555,51.863,0.227,327.282,242.054,0
7.791,4.10E+04,1389.488,51.855,0.227,327.238,242.034,0
7.841,4.10E+04,1363.02,51.847,0.227,327.375,242.015,0
7.891,4.10E+04,1337.138,51.839,0.227,327.487,241.996,0
7.941,4.09E+04,1311.83,51.831,0.227,327.362,241.977,0
7.991,4.09E+04,1287.082,51.823,0.226,327.423,241.959,0
8.041,4.09E+04,1262.882,51.815,0.226,327.425,241.941,0
8.091,4.09E+04,1239.219,51.808,0.226,327.518,241.924,0
8.141,4.08E+04,1216.08,51.801,0.226,327.456,241.907,0
8.191,4.08E+04,1193.453,51.794,0.226,327.235,241.89,0
8.241,4.08E+04,1171.327,51.787,0.226,327.298,241.874,0
8.291,4.08E+04,1149.692,51.78,0.226,327.502,241.858,0
8.341,4.07E+04,1128.535,51.773,0.226,327.325,241.842,0
8.391,4.07E+04,1107.848,51.767,0.226,327.098,241.826,0
8.441,4.07E+04,1087.619,51.76,0.226,327.21,241.811,0
8.491,4.07E+04,1067.838,51.754,0.226,327.428,241.797,0
8.541,4.07E+04,1048.494,51.748,0.226,327.107,241.782,0
8.591,4.06E+04,1029.58,51.742,0.226,326.864,241.768,0
8.641,4.06E+04,1011.085,51.736,0.226,326.953,241.754,0
8.691,4.06E+04,992.998,51.731,0.226,327.403,241.741,0
8.741,4.06E+04,975.313,51.725,0.226,326.879,241.728,0
8.791,4.06E+04,958.019,51.72,0.226,326.597,241.715,0
8.841,4.06E+04,941.109,51.714,0.226,326.736,241.702,0
8.891,4.05E+04,924.573,51.709,0.226,327.276,241.69,0
8.941,4.05E+04,908.403,51.704,0.225,326.707,241.678,0
8.991,4.05E+04,892.592,51.699,0.225,326.388,241.666,0
9.041,4.05E+04,877.131,51.694,0.225,326.419,241.654,0
9.091,4.05E+04,862.012,51.689,0.225,326.922,241.643,0
9.141,4.05E+04,847.228,51.685,0.225,326.517,241.632,0
9.191,4.04E+04,832.772,51.68,0.225,326.102,241.621,0
9.241,4.04E+04,818.636,51.676,0.225,326.359,241.61,0
9.291,4.04E+04,804.813,51.671,0.225,326.601,241.6,0
9.341,4.04E+04,791.296,51.667,0.225,326.692,241.589,0
9.391,4.04E+04,778.078,51.663,0.225,326.308,241.58,0
9.441,4.04E+04,765.154,51.659,0.225,326.113,241.57,0
9.491,4.04E+04,752.516,51.655,0.225,326.187,241.56,0
9.541,4.04E+04,740.157,51.651,0.225,326.373,241.551,0
9.591,4.03E+04,728.073,51.647,0.225,326.493,241.542,0
9.641,4.03E+04,716.256,51.644,0.225,325.968,241.533,0
9.691,4.03E+04,704.7,51.64,0.225,325.579,241.524,0
9.741,4.03E+04,693.401,51.636,0.225,325.7,241.515,0
9.791,4.03E+04,682.352,51.633,0.225,326.179,241.507,0
9.841,4.03E+04,671.548,51.629,0.225,325.977,241.499,0
9.891,4.03E+04,660.983,51.626,0.225,325.382,241.491,0
9.941,4.03E+04,650.652,51.623,0.225,325.146,241.483,0
9.991,4.03E+04,640.551,51.62,0.225,325.332,241.475,0
10.041,4.02E+04,630.672,51.617,0.225,326.087,241.468,0
10.091,4.02E+04,621.013,51.613,0.225,325.257,241.46,0
10.141,4.02E+04,611.567,51.61,0.225,324.82,241.453,0
10.191,4.02E+04,602.331,51.608,0.225,324.947,241.446,0
10.241,4.02E+04,593.299,51.605,0.225,325.372,241.439,0
10.291,4.02E+04,584.468,51.602,0.225,325.467,241.433,0
10.341,4.02E+04,575.831,51.599,0.225,325.003,241.426,0
10.391,4.02E+04,567.387,51.596,0.225,324.77,241.42,0
10.441,4.02E+04,559.13,51.594,0.225,324.75,241.413,0
10.491,4.02E+04,551.055,51.591,0.225,325.184,241.407,0
10.541,4.02E+04,543.159,51.589,0.225,325.301,241.401,0
10.591,4.01E+04,535.438,51.586,0.225,324.675,241.395,0
10.641,4.01E+04,527.888,51.584,0.225,324.457,241.389,0
10.691,4.01E+04,520.505,51.582,0.225,324.406,241.384,0
10.741,4.01E+04,513.286,51.579,0.224,324.628,241.378,0
10.791,4.01E+04,506.227,51.577,0.224,325.021,241.373,0
10.841,4.01E+04,499.324,51.575,0.224,324.526,241.368,0
10.891,4.01E+04,492.574,51.573,0.224,323.93,241.362,0
10.941,4.01E+04,485.974,51.571,0.224,323.827,241.357,0
10.991,4.01E+04,479.52,51.569,0.224,324.169,241.352,0
11.041,4.01E+04,473.208,51.567,0.224,324.702,241.348,0
11.091,4.01E+04,467.037,51.565,0.224,324.234,241.343,0
11.141,4.01E+04,461.002,51.563,0.224,323.743,241.338,0
11.191,4.01E+04,455.101,51.561,0.224,323.466,241.334,0
11.241,4.01E+04,449.331,51.559,0.224,323.645,241.329,0
11.291,4.01E+04,443.688,51.557,0.224,324.11,241.325,0
11.341,4.01E+04,438.17,51.556,0.224,324.174,241.321,0
11.391,4.00E+04,432.776,51.554,0.224,323.692,241.317,0
11.441,4.00E+04,427.5,51.552,0.224,323.374,241.313,0
11.491,4.00E+04,422.34,51.551,0.224,323.39,241.309,0
11.541,4.00E+04,417.296,51.549,0.224,323.677,241.305,0
11.591,4.00E+04,412.363,51.547,0.224,324.096,241.301,0
11.641,4.00E+04,407.539,51.546,0.224,323.589,241.297,0
11.691,4.00E+04,402.823,51.544,0.224,323.313,241.294,0
11.741,4.00E+04,398.21,51.543,0.224,323.181,241.29,0
11.791,4.00E+04,393.7,51.541,0.224,323.157,241.287,0
11.841,4.00E+04,389.29,51.54,0.224,323.69,241.283,0
11.891,4.00E+04,384.977,51.539,0.224,323.413,241.28,0
11.941,4.00E+04,380.76,51.537,0.224,323.018,241.277,0
11.991,4.00E+04,376.636,51.536,0.224,322.861,241.273,0
12.041,4.00E+04,372.604,51.535,0.224,322.784,241.27,0
12.091,4.00E+04,368.662,51.534,0.224,323.395,241.267,0
12.141,4.00E+04,364.806,51.532,0.224,323.131,241.264,0
12.191,4.00E+04,361.035,51.531,0.224,322.889,241.261,0
12.241,4.00E+04,357.349,51.53,0.224,322.838,241.259,0
12.291,4.00E+04,353.743,51.529,0.224,322.785,241.256,0
12.341,4.00E+04,350.218,51.528,0.224,323.027,241.253,0
12.391,4.00E+04,346.771,51.527,0.224,323.086,241.25,0
12.441,4.00E+04,343.401,51.526,0.224,323.121,241.248,0
12.491,4.00E+04,340.105,51.524,0.224,322.904,241.245,0
12.541,4.00E+04,336.881,51.523,0.224,322.682,241.243,0
12.591,3.99E+04,333.73,51.522,0.224,322.661,241.24,0
12.641,3.99E+04,330.648,51.521,0.224,322.708,241.238,0
12.691,3.99E+04,327.634,51.521,0.224,322.575,241.236,0
12.741,3.99E+04,324.688,51.52,0.224,322.547,241.233,0
12.791,3.99E+04,321.806,51.519,0.224,322.765,241.231,0
12.841,3.99E+04,318.988,51.518,0.224,322.667,241.229,0
12.891,3.99E+04,316.233,51.517,0.224,322.53,241.227,0
12.941,3.99E+04,313.538,51.516,0.224,322.413,241.225,0
12.991,3.99E+04,310.904,51.515,0.224,322.111,241.223,0
13.041,3.99E+04,308.328,51.514,0.224,322.118,241.221,0
13.091,3.99E+04,305.809,51.514,0.224,322.111,241.219,0
13.141,3.99E+04,303.345,51.513,0.224,322.357,241.217,0
13.191,3.99E+04,300.936,51.512,0.224,322.166,241.215,0
13.241,3.99E+04,298.581,51.511,0.224,321.998,241.213,0
13.291,3.99E+04,296.278,51.511,0.224,321.767,241.211,0
13.341,3.99E+04,294.025,51.51,0.224,321.547,241.21,0
13.391,3.99E+04,291.823,51.509,0.224,321.816,241.208,0
13.441,3.99E+04,289.669,51.508,0.224,322.208,241.206,0
13.491,3.99E+04,287.564,51.508,0.224,321.752,241.205,0
13.541,3.99E+04,285.504,51.507,0.224,321.479,241.203,0
13.591,3.99E+04,283.491,51.506,0.224,321.262,241.201,0
13.641,3.99E+04,281.522,51.506,0.224,321.498,241.2,0
13.691,3.99E+04,279.596,51.505,0.224,321.708,241.198,0
13.741,3.99E+04,277.714,51.505,0.224,321.86,241.197,0
13.791,3.99E+04,275.873,51.504,0.224,321.761,241.196,0
13.841,3.99E+04,274.072,51.504,0.224,321.48,241.194,0
13.891,3.99E+04,272.312,51.503,0.224,321.237,241.193,0
13.941,3.99E+04,270.591,51.502,0.224,321.043,241.192,0
13.991,3.99E+04,268.907,51.502,0.224,321.254,241.19,0
14.041,3.99E+04,267.261,51.501,0.224,321.619,241.189,0
14.091,3.99E+04,265.652,51.501,0.224,321.312,241.188,0
14.141,3.99E+04,264.078,51.5,0.224,321.062,241.186,0
14.191,3.99E+04,262.539,51.5,0.224,321.178,241.185,0
14.241,3.99E+04,261.034,51.499,0.224,321.08,241.184,0
14.291,3.99E+04,259.562,51.499,0.224,321.171,241.183,0
14.341,3.99E+04,258.123,51.498,0.224,321.286,241.182,0
14.391,3.99E+04,256.716,51.498,0.224,321.217,241.181,0
14.441,3.99E+04,255.34,51.498,0.224,320.959,241.18,0
14.491,3.99E+04,253.995,51.497,0.224,320.699,241.179,0
14.541,3.99E+04,252.679,51.497,0.224,320.747,241.178,0
14.591,3.99E+04,251.393,51.496,0.224,320.869,241.177,0
14.641,3.99E+04,250.135,51.496,0.224,320.961,241.176,0
14.691,3.99E+04,248.904,51.496,0.224,321.217,241.175,0
14.741,3.99E+04,247.701,51.495,0.224,321.033,241.174,0
14.791,3.99E+04,246.526,51.495,0.224,320.716,241.173,0
14.841,3.99E+04,245.375,51.494,0.224,320.364,241.172,0
14.891,3.99E+04,244.25,51.494,0.224,320.14,241.171,0
14.941,3.99E+04,243.151,51.494,0.224,320.349,241.17,0
14.991,3.99E+04,242.075,51.493,0.224,320.639,241.169,0
15,3.99E+04,241.842,51.493,0.224,320.699,241.169,0
15.013,3.99E+04,241.842,51.493,0.224,320.821,241.169,0
15.033,3.99E+04,241.842,51.493,0.224,321.007,241.169,0
15.062,3.99E+04,241.842,51.493,0.224,320.76,241.169,0
15.107,3.99E+04,241.842,51.493,0.224,320.465,241.169,0
15.157,3.99E+04,241.842,51.493,0.224,320.159,241.169,0
15.207,3.99E+04,241.842,51.493,0.224,320.168,241.169,0
15.257,3.99E+04,241.842,51.493,0.224,320.22,241.169,0
15.307,3.99E+04,241.842,51.493,0.224,320.461,241.169,0
15.357,3.99E+04,241.842,51.493,0.224,320.708,241.169,0
15.407,3.99E+04,241.842,51.493,0.224,320.744,241.169,0
15.457,3.99E+04,241.842,51.493,0.224,320.282,241.169,0
15.507,3.99E+04,241.842,51.493,0.224,319.813,241.169,0
15.557,3.99E+04,241.842,51.493,0.224,319.978,241.169,0
15.607,3.99E+04,241.842,51.493,0.224,319.817,241.169,0
15.657,3.99E+04,241.842,51.493,0.224,320.007,241.169,0
15.707,3.99E+04,241.842,51.493,0.224,320.182,241.169,0
15.757,3.99E+04,241.842,51.493,0.224,320.33,241.169,0
15.807,3.99E+04,241.842,51.493,0.224,320.012,241.169,0
15.857,3.99E+04,241.842,51.493,0.224,319.596,241.169,0
15.907,3.99E+04,241.842,51.493,0.224,319.18,241.169,0
15.957,3.99E+04,241.842,51.493,0.224,319.2,241.169,0
16.007,3.99E+04,241.842,51.493,0.224,319.285,241.169,0
16.057,3.99E+04,241.842,51.493,0.224,319.648,241.169,0
16.107,3.99E+04,241.842,51.493,0.224,320.175,241.169,0
16.157,3.99E+04,241.842,51.493,0.224,319.931,241.169,0
16.207,3.99E+04,241.842,51.493,0.224,319.751,241.169,0
16.257,3.99E+04,241.842,51.493,0.224,319.534,241.169,0
16.307,3.99E+04,241.842,51.493,0.224,319.058,241.169,0
16.357,3.99E+04,241.842,51.493,0.224,319.076,241.169,0
16.407,3.99E+04,241.842,51.493,0.224,319.086,241.169,0
16.457,3.99E+04,241.842,51.493,0.224,319.205,241.169,0
16.507,3.99E+04,241.842,51.493,0.224,319.702,241.169,0
16.557,3.99E+04,241.842,51.493,0.224,319.883,241.169,0
16.607,3.99E+04,241.842,51.493,0.224,319.862,241.169,0
16.657,3.99E+04,241.842,51.493,0.224,319.573,241.169,0
16.707,3.99E+04,241.842,51.493,0.224,319.168,241.169,0
16.757,3.99E+04,241.842,51.493,0.224,318.724,241.169,0
16.807,3.99E+04,241.842,51.493,0.224,318.724,241.169,0
16.857,3.99E+04,241.842,51.493,0.224,318.858,241.169,0
16.907,3.99E+04,241.842,51.493,0.224,319.147,241.169,0
16.957,3.99E+04,241.842,51.493,0.224,319.327,241.169,0
17.007,3.99E+04,241.842,51.493,0.224,319.759,241.169,0
17.057,3.99E+04,241.842,51.493,0.224,319.629,241.169,0
17.107,3.99E+04,241.842,51.493,0.224,319.34,241.169,0
17.157,3.99E+04,241.842,51.493,0.224,319.146,241.169,0
17.207,3.99E+04,241.842,51.493,0.224,318.534,241.169,0
17.257,3.99E+04,241.842,51.493,0.224,318.64,241.169,0
17.307,3.99E+04,241.842,51.493,0.224,318.354,241.169,0
17.357,3.99E+04,241.842,51.493,0.224,318.518,241.169,0
17.407,3.99E+04,241.842,51.493,0.224,318.622,241.169,0
17.457,3.99E+04,241.842,51.493,0.224,319.036,241.169,0
17.507,3.99E+04,241.842,51.493,0.224,319.553,241.169,0
17.557,3.99E+04,241.842,51.493,0.224,318.811,241.169,0
17.607,3.99E+04,241.842,51.493,0.224,318.135,241.169,0
17.657,3.99E+04,241.842,51.493,0.224,317.779,241.169,0
17.707,3.99E+04,241.842,51.493,0.224,317.796,241.169,0
17.757,3.99E+04,241.842,51.493,0.224,317.857,241.169,0
17.807,3.99E+04,241.842,51.493,0.224,318.008,241.169,0
17.857,3.99E+04,241.842,51.493,0.224,318.679,241.169,0
17.907,3.99E+04,241.842,51.493,0.224,319.056,241.169,0
17.957,3.99E+04,241.842,51.493,0.224,319.058,241.169,0
18.007,3.99E+04,241.842,51.493,0.224,318.294,241.169,0
18.057,3.99E+04,241.842,51.493,0.224,317.843,241.169,0
18.107,3.99E+04,241.842,51.493,0.224,317.801,241.169,0
18.157,3.99E+04,241.842,51.493,0.224,317.264,241.169,0
18.207,3.99E+04,241.842,51.493,0.224,317.064,241.169,0
18.257,3.99E+04,241.842,51.493,0.224,317.226,241.169,0
18.307,3.99E+04,241.842,51.493,0.224,317.947,241.169,0
18.357,3.99E+04,241.842,51.493,0.224,318.433,241.169,0
18.407,3.99E+04,241.842,51.493,0.224,319.078,241.169,0
18.457,3.99E+04,241.842,51.493,0.224,318.064,241.169,0
18.507,3.99E+04,241.842,51.493,0.224,317.046,241.169,0
18.557,3.99E+04,241.842,51.493,0.224,316.522,241.169,0
18.607,3.99E+04,241.842,51.493,0.224,316.411,241.169,0
18.657,3.99E+04,241.842,51.493,0.224,317.098,241.169,0
18.707,3.99E+04,241.842,51.493,0.224,317.618,241.169,0
18.757,3.99E+04,241.842,51.493,0.224,317.896,241.169,0
18.807,3.99E+04,241.842,51.493,0.224,318.521,241.169,0
18.857,3.99E+04,241.842,51.493,0.224,318.685,241.169,0
18.907,3.99E+04,241.842,51.493,0.224,318.173,241.169,0
18.957,3.99E+04,241.842,51.493,0.224,317.874,241.169,0
19.007,3.99E+04,241.842,51.493,0.224,317.583,241.169,0
19.057,3.99E+04,241.842,51.493,0.224,317.301,241.169,0
19.107,3.99E+04,241.842,51.493,0.224,317.543,241.169,0
19.157,3.99E+04,241.842,51.493,0.224,317.271,241.169,0
19.207,3.99E+04,241.842,51.493,0.224,317.405,241.169,0
19.257,3.99E+04,241.842,51.493,0.224,317.882,241.169,0
19.307,3.99E+04,241.842,51.493,0.224,318.345,241.169,0
19.357,3.99E+04,241.842,51.493,0.224,318.627,241.169,0
19.407,3.99E+04,241.842,51.493,0.224,318.792,241.169,0
19.457,3.99E+04,241.842,51.493,0.224,318.201,241.169,0
19.507,3.99E+04,241.842,51.493,0.224,317.746,241.169,0
19.557,3.99E+04,241.842,51.493,0.224,317.548,241.169,0
19.607,3.99E+04,241.842,51.493,0.224,317.434,241.169,0
19.657,3.99E+04,241.842,51.493,0.224,317.447,241.169,0
19.707,3.99E+04,241.842,51.493,0.224,317.471,241.169,0
19.757,3.99E+04,241.842,51.493,0.224,317.563,241.169,0
19.807,3.99E+04,241.842,51.493,0.224,317.69,241.169,0
19.857,3.99E+04,241.842,51.493,0.224,318.295,241.169,0
19.907,3.99E+04,241.842,51.493,0.224,318.171,241.169,0
19.957,3.99E+04,241.842,51.493,0.224,317.769,241.169,0
20.007,3.99E+04,241.842,51.493,0.224,317.36,241.169,0
20.057,3.99E+04,241.842,51.493,0.224,316.994,241.169,0
20.107,3.99E+04,241.842,51.493,0.224,316.907,241.169,0
20.157,3.99E+04,241.842,51.493,0.224,317.035,241.169,0
20.207,3.99E+04,241.842,51.493,0.224,316.91,241.169,0
20.257,3.99E+04,241.842,51.493,0.224,317.174,241.169,0
20.307,3.99E+04,241.842,51.493,0.224,317.688,241.169,0
20.357,3.99E+04,241.842,51.493,0.224,318.472,241.169,0
20.407,3.99E+04,241.842,51.493,0.224,318.238,241.169,0
20.457,3.99E+04,241.842,51.493,0.224,317.937,241.169,0
20.507,3.99E+04,241.842,51.493,0.224,317.26,241.169,0
20.557,3.99E+04,241.842,51.493,0.224,316.989,241.169,0
20.607,3.99E+04,241.842,51.493,0.224,316.784,241.169,0
20.657,3.99E+04,241.842,51.493,0.224,316.351,241.169,0
20.707,3.99E+04,241.842,51.493,0.224,316.487,241.169,0
20.757,3.99E+04,241.842,51.493,0.224,316.462,241.169,0
20.807,3.99E+04,241.842,51.493,0.224,317,241.169,0
20.857,3.99E+04,241.842,51.493,0.224,317.18,241.169,0
20.907,3.99E+04,241.842,51.493,0.224,318.166,241.169,0
20.957,3.99E+04,241.842,51.493,0.224,318.06,241.169,0
21.007,3.99E+04,241.842,51.493,0.224,317.419,241.169,0
21.057,3.99E+04,241.842,51.493,0.224,316.812,241.169,0
21.107,3.99E+04,241.842,51.493,0.224,316.374,241.169,0
21.157,3.99E+04,241.842,51.493,0.224,316.28,241.169,0
21.207,3.99E+04,241.842,51.493,0.224,316.33,241.169,0
21.257,3.99E+04,241.842,51.493,0.224,316.351,241.169,0
21.307,3.99E+04,241.842,51.493,0.224,316.522,241.169,0
21.357,3.99E+04,241.842,51.493,0.224,316.997,241.169,0
21.407,3.99E+04,241.842,51.493,0.224,317.37,241.169,0
21.457,3.99E+04,241.842,51.493,0.224,317.675,241.169,0
21.507,3.99E+04,241.842,51.493,0.224,318.073,241.169,0
21.557,3.99E+04,241.842,51.493,0.224,317.699,241.169,0
21.607,3.99E+04,241.842,51.493,0.224,317.291,241.169,0
21.657,3.99E+04,241.842,51.493,0.224,317.272,241.169,0
21.707,3.99E+04,241.842,51.493,0.224,317.139,241.169,0
21.757,3.99E+04,241.842,51.493,0.224,316.75,241.169,0
21.807,3.99E+04,241.842,51.493,0.224,316.874,241.169,0
21.857,3.99E+04,241.842,51.493,0.224,317.084,241.169,0
21.907,3.99E+04,241.842,51.493,0.224,317.307,241.169,0
21.957,3.99E+04,241.842,51.493,0.224,317.136,241.169,0
22.007,3.99E+04,241.842,51.493,0.224,316.983,241.169,0
22.057,3.99E+04,241.842,51.493,0.224,316.966,241.169,0
22.107,3.99E+04,241.842,51.493,0.224,317.053,241.169,0
22.157,3.99E+04,241.842,51.493,0.224,317.495,241.169,0
22.207,3.99E+04,241.842,51.493,0.224,317.394,241.169,0
22.257,3.99E+04,241.842,51.493,0.224,317.893,241.169,0
22.307,3.99E+04,241.842,51.493,0.224,317.08,241.169,0
22.357,3.99E+04,241.842,51.493,0.224,316.629,241.169,0
22.407,3.99E+04,241.842,51.493,0.224,316.453,241.169,0
22.457,3.99E+04,241.842,51.493,0.224,316.286,241.169,0
22.507,3.99E+04,241.842,51.493,0.224,316.246,241.169,0
22.557,3.99E+04,241.842,51.493,0.224,316.387,241.169,0
22.607,3.99E+04,241.842,51.493,0.224,316.033,241.169,0
22.657,3.99E+04,241.842,51.493,0.224,316.298,241.169,0
22.707,3.99E+04,241.842,51.493,0.224,317.002,241.169,0
22.757,3.99E+04,241.842,51.493,0.224,317.083,241.169,0
22.807,3.99E+04,241.842,51.493,0.224,317.212,241.169,0
22.857,3.99E+04,241.842,51.493,0.224,317.349,241.169,0
22.907,3.99E+04,241.842,51.493,0.224,316.987,241.169,0
22.957,3.99E+04,241.842,51.493,0.224,316.75,241.169,0
23.007,3.99E+04,241.842,51.493,0.224,316.734,241.169,0
23.057,3.99E+04,241.842,51.493,0.224,316.344,241.169,0
23.107,3.99E+04,241.842,51.493,0.224,316.346,241.169,0
23.157,3.99E+04,241.842,51.493,0.224,316.36,241.169,0
23.207,3.99E+04,241.842,51.493,0.224,316.331,241.169,0
23.257,3.99E+04,241.842,51.493,0.224,316.895,241.169,0
23.307,3.99E+04,241.842,51.493,0.224,317.047,241.169,0
23.357,3.99E+04,241.842,51.493,0.224,317.351,241.169,0
23.407,3.99E+04,241.842,51.493,0.224,317.592,241.169,0
23.457,3.99E+04,241.842,51.493,0.224,317.485,241.169,0
23.507,3.99E+04,241.842,51.493,0.224,317.121,241.169,0
23.557,3.99E+04,241.842,51.493,0.224,317.275,241.169,0
23.607,3.99E+04,241.842,51.493,0.224,317.504,241.169,0
23.657,3.99E+04,241.842,51.493,0.224,317.237,241.169,0
23.707,3.99E+04,241.842,51.493,0.224,317.067,241.169,0
23.757,3.99E+04,241.842,51.493,0.224,316.825,241.169,0
23.807,3.99E+04,241.842,51.493,0.224,316.738,241.169,0
23.857,3.99E+04,241.842,51.493,0.224,316.613,241.169,0
23.907,3.99E+04,241.842,51.493,0.224,316.876,241.169,0
23.957,3.99E+04,241.842,51.493,0.224,316.775,241.169,0
24.007,3.99E+04,241.842,51.493,0.224,317.145,241.169,0
24.057,3.99E+04,241.842,51.493,0.224,316.788,241.169,0
24.107,3.99E+04,241.842,51.493,0.224,316.866,241.169,0
24.157,3.99E+04,241.842,51.493,0.224,317.134,241.169,0
24.207,3.99E+04,241.842,51.493,0.224,317.05,241.169,0
24.257,3.99E+04,241.842,51.493,0.224,317.292,241.169,0
24.307,3.99E+04,241.842,51.493,0.224,317.636,241.169,0
24.357,3.99E+04,241.842,51.493,0.224,316.826,241.169,0
24.407,3.99E+04,241.842,51.493,0.224,316.815,241.169,0
24.457,3.99E+04,241.842,51.493,0.224,316.451,241.169,0
24.507,3.99E+04,241.842,51.493,0.224,316.446,241.169,0
24.557,3.99E+04,241.842,51.493,0.224,316.69,241.169,0
24.607,3.99E+04,241.842,51.493,0.224,316.83,241.169,0
24.657,3.99E+04,241.842,51.493,0.224,316.578,241.169,0
24.707,3.99E+04,241.842,51.493,0.224,316.676,241.169,0
24.757,3.99E+04,241.842,51.493,0.224,317.125,241.169,0
24.807,3.99E+04,241.842,51.493,0.224,317.479,241.169,0
24.857,3.99E+04,241.842,51.493,0.224,317.45,241.169,0
24.907,3.99E+04,241.842,51.493,0.224,316.736,241.169,0
24.957,3.99E+04,241.842,51.493,0.224,317.378,241.169,0
25.007,3.99E+04,241.842,51.493,0.224,317.093,241.169,0
25.057,3.99E+04,241.842,51.493,0.224,316.994,241.169,0
25.107,3.99E+04,241.842,51.493,0.224,316.786,241.169,0
25.157,3.99E+04,241.842,51.493,0.224,316.777,241.169,0
25.207,3.99E+04,241.842,51.493,0.224,316.722,241.169,0
25.257,3.99E+04,241.842,51.493,0.224,316.721,241.169,0
25.307,3.99E+04,241.842,51.493,0.224,316.656,241.169,0
25.357,3.99E+04,241.842,51.493,0.224,316.867,241.169,0
25.407,3.99E+04,241.842,51.493,0.224,316.696,241.169,0
25.457,3.99E+04,241.842,51.493,0.224,316.163,241.169,0
25.507,3.99E+04,241.842,51.493,0.224,315.87,241.169,0
25.557,3.99E+04,241.842,51.493,0.224,316.19,241.169,0
25.607,3.99E+04,241.842,51.493,0.224,317.102,241.169,0
25.657,3.99E+04,241.842,51.493,0.224,317.45,241.169,0
25.707,3.99E+04,241.842,51.493,0.224,316.769,241.169,0
25.757,3.99E+04,241.842,51.493,0.224,316.385,241.169,0
25.807,3.99E+04,241.842,51.493,0.224,316.392,241.169,0
25.857,3.99E+04,241.842,51.493,0.224,316.009,241.169,0
25.907,3.99E+04,241.842,51.493,0.224,315.504,241.169,0
25.957,3.99E+04,241.842,51.493,0.224,315.832,241.169,0
26.007,3.99E+04,241.842,51.493,0.224,315.733,241.169,0
26.057,3.99E+04,241.842,51.493,0.224,315.91,241.169,0
26.107,3.99E+04,241.842,51.493,0.224,316.203,241.169,0
26.157,3.99E+04,241.842,51.493,0.224,316.083,241.169,0
26.207,3.99E+04,241.842,51.493,0.224,316.381,241.169,0
26.257,3.99E+04,241.842,51.493,0.224,317.183,241.169,0
26.307,3.99E+04,241.842,51.493,0.224,317.273,241.169,0
26.357,3.99E+04,241.842,51.493,0.224,316.43,241.169,0
26.407,3.99E+04,241.842,51.493,0.224,315.739,241.169,0
26.457,3.99E+04,241.842,51.493,0.224,316.075,241.169,0
26.507,3.99E+04,241.842,51.493,0.224,316.102,241.169,0
26.557,3.99E+04,241.842,51.493,0.224,316.042,241.169,0
26.607,3.99E+04,241.842,51.493,0.224,316.126,241.169,0
26.657,3.99E+04,241.842,51.493,0.224,315.787,241.169,0
26.707,3.99E+04,241.842,51.493,0.224,315.395,241.169,0
26.757,3.99E+04,241.842,51.493,0.224,315.66,241.169,0
26.807,3.99E+04,241.842,51.493,0.224,315.45,241.169,0
26.857,3.99E+04,241.842,51.493,0.224,315.265,241.169,0
26.907,3.99E+04,241.842,51.493,0.224,315.214,241.169,0
26.957,3.99E+04,241.842,51.493,0.224,314.832,241.169,0
27.007,3.99E+04,241.842,51.493,0.224,314.892,241.169,0
27.057,3.99E+04,241.842,51.493,0.224,314.941,241.169,0
27.107,3.99E+04,241.842,51.493,0.224,315.34,241.169,0
27.157,3.99E+04,241.842,51.493,0.224,314.612,241.169,0
27.207,3.99E+04,241.842,51.493,0.224,314.684,241.169,0
27.257,3.99E+04,241.842,51.493,0.224,314.804,241.169,0
27.307,3.99E+04,241.842,51.493,0.224,314.998,241.169,0
27.357,3.99E+04,241.842,51.493,0.224,315.479,241.169,0
27.407,3.99E+04,241.842,51.493,0.224,315.419,241.169,0
27.457,3.99E+04,241.842,51.493,0.224,316.057,241.169,0
27.507,3.99E+04,241.842,51.493,0.224,316.838,241.169,0
27.557,3.99E+04,241.842,51.493,0.224,316.867,241.169,0
27.607,3.99E+04,241.842,51.493,0.224,317.132,241.169,0
27.657,3.99E+04,241.842,51.493,0.224,316.168,241.169,0
27.707,3.99E+04,241.842,51.493,0.224,315.127,241.169,0
27.757,3.99E+04,241.842,51.493,0.224,314.443,241.169,0
27.807,3.99E+04,241.842,51.493,0.224,313.914,241.169,0
27.857,3.99E+04,241.842,51.493,0.224,313.633,241.169,0
27.907,3.99E+04,241.842,51.493,0.224,313.455,241.169,0
27.957,3.99E+04,241.842,51.493,0.224,313.346,241.169,0
28.007,3.99E+04,241.842,51.493,0.224,312.986,241.169,0
28.057,3.99E+04,241.842,51.493,0.224,313.139,241.169,0
28.107,3.99E+04,241.842,51.493,0.224,313.212,241.169,0
28.157,3.99E+04,241.842,51.493,0.224,313.532,241.169,0
28.207,3.99E+04,241.842,51.493,0.224,314.068,241.169,0
28.257,3.99E+04,241.842,51.493,0.224,314.585,241.169,0
28.307,3.99E+04,241.842,51.493,0.224,314.321,241.169,0
28.357,3.99E+04,241.842,51.493,0.224,314.346,241.169,0
28.407,3.99E+04,241.842,51.493,0.224,315.246,241.169,0
28.457,3.99E+04,241.842,51.493,0.224,315.967,241.169,0
28.507,3.99E+04,241.842,51.493,0.224,316.879,241.169,0
28.557,3.99E+04,241.842,51.493,0.224,316.256,241.169,0
28.607,3.99E+04,241.842,51.493,0.224,315.738,241.169,0
28.657,3.99E+04,241.842,51.493,0.224,314.688,241.169,0
28.707,3.99E+04,241.842,51.493,0.224,313.975,241.169,0
28.757,3.99E+04,241.842,51.493,0.224,313.602,241.169,0
28.807,3.99E+04,241.842,51.493,0.224,312.763,241.169,0
28.857,3.99E+04,241.842,51.493,0.224,312.465,241.169,0
28.907,3.99E+04,241.842,51.493,0.224,312.787,241.169,0
28.957,3.99E+04,241.842,51.493,0.224,312.456,241.169,0
29.007,3.99E+04,241.842,51.493,0.224,312.028,241.169,0
29.057,3.99E+04,241.842,51.493,0.224,312.11,241.169,0
29.107,3.99E+04,241.842,51.493,0.224,312.663,241.169,0
29.157,3.99E+04,241.842,51.493,0.224,312.359,241.169,0
29.207,3.99E+04,241.842,51.493,0.224,311.623,241.169,0
29.257,3.99E+04,241.842,51.493,0.224,311.407,241.169,0
29.307,3.99E+04,241.842,51.493,0.224,311.619,241.169,0
29.357,3.99E+04,241.842,51.493,0.224,312.186,241.169,0
29.407,3.99E+04,241.842,51.493,0.224,312.335,241.169,0
29.457,3.99E+04,241.842,51.493,0.224,311.982,241.169,0
29.507,3.99E+04,241.842,51.493,0.224,311.916,241.169,0
29.557,3.99E+04,241.842,51.493,0.224,312.295,241.169,0
29.607,3.99E+04,241.842,51.493,0.224,312.134,241.169,0
29.657,3.99E+04,241.842,51.493,0.224,312.032,241.169,0
29.707,3.99E+04,241.842,51.493,0.224,312.526,241.169,0
29.757,3.99E+04,241.842,51.493,0.224,312.556,241.169,0
29.807,3.99E+04,241.842,51.493,0.224,312.736,241.169,0
29.857,3.99E+04,241.842,51.493,0.224,312.636,241.169,0
29.907,3.99E+04,241.842,51.493,0.224,313.573,241.169,0
29.957,3.99E+04,241.842,51.493,0.224,314.72,241.169,0
30.007,3.99E+04,241.842,51.493,0.224,316.394,241.169,0
30.057,3.99E+04,241.842,51.493,0.224,316.946,241.169,0
30.107,3.99E+04,241.842,51.493,0.224,316.067,241.169,0
30.157,3.99E+04,241.842,51.493,0.224,315.059,241.169,0
30.207,3.99E+04,241.842,51.493,0.224,315.569,241.169,0
30.257,3.99E+04,241.842,51.493,0.224,315.256,241.169,0
30.307,3.99E+04,241.842,51.493,0.224,315.029,241.169,0
30.357,3.99E+04,241.842,51.493,0.224,314.801,241.169,0
30.407,3.99E+04,241.842,51.493,0.224,314.103,241.169,0
30.457,3.99E+04,241.842,51.493,0.224,314.102,241.169,0
30.507,3.99E+04,241.842,51.493,0.224,313.731,241.169,0
30.557,3.99E+04,241.842,51.493,0.224,313.495,241.169,0
30.607,3.99E+04,241.842,51.493,0.224,313.424,241.169,0
30.657,3.99E+04,241.842,51.493,0.224,313.652,241.169,0
30.707,3.99E+04,241.842,51.493,0.224,313.676,241.169,0
30.757,3.99E+04,241.842,51.493,0.224,313.793,241.169,0
30.807,3.99E+04,241.842,51.493,0.224,313.893,241.169,0
30.857,3.99E+04,241.842,51.493,0.224,314.049,241.169,0
30.907,3.99E+04,241.842,51.493,0.224,314.512,241.169,0
30.957,3.99E+04,241.842,51.493,0.224,314.987,241.169,0
31.007,3.99E+04,241.842,51.493,0.224,314.636,241.169,0
31.057,3.99E+04,241.842,51.493,0.224,315.752,241.169,0
31.107,3.99E+04,241.842,51.493,0.224,315.703,241.169,0
31.157,3.99E+04,241.842,51.493,0.224,316.184,241.169,0
31.207,3.99E+04,241.842,51.493,0.224,316.748,241.169,0
31.257,3.99E+04,241.842,51.493,0.224,316.476,241.169,0
31.307,3.99E+04,241.842,51.493,0.224,316.848,241.169,0
31.357,3.99E+04,241.842,51.493,0.224,316.092,241.169,0
31.407,3.99E+04,241.842,51.493,0.224,315.534,241.169,0
31.457,3.99E+04,241.842,51.493,0.224,315.071,241.169,0
31.507,3.99E+04,241.842,51.493,0.224,314.731,241.169,0
31.557,3.99E+04,241.842,51.493,0.224,314.086,241.169,0
31.607,3.99E+04,241.842,51.493,0.224,314.218,241.169,0
31.657,3.99E+04,241.842,51.493,0.224,313.639,241.169,0
31.707,3.99E+04,241.842,51.493,0.224,312.946,241.169,0
31.757,3.99E+04,241.842,51.493,0.224,312.506,241.169,0
31.807,3.99E+04,241.842,51.493,0.224,310.844,241.169,0
31.857,3.99E+04,241.842,51.493,0.224,310.172,241.169,0
31.907,3.99E+04,241.842,51.493,0.224,309.656,241.169,0
31.957,3.99E+04,241.842,51.493,0.224,309.28,241.169,0
32.007,3.99E+04,241.842,51.493,0.224,308.497,241.169,0
32.057,3.99E+04,241.842,51.493,0.224,307.8,241.169,0
32.107,3.99E+04,241.842,51.493,0.224,307.412,241.169,0
32.157,3.99E+04,241.842,51.493,0.224,307.771,241.169,0
32.207,3.99E+04,241.842,51.493,0.224,307.588,241.169,0
32.257,3.99E+04,241.842,51.493,0.224,307.789,241.169,0
32.307,3.99E+04,241.842,51.493,0.224,307.333,241.169,0
32.357,3.99E+04,241.842,51.493,0.224,307.146,241.169,0
32.407,3.99E+04,241.842,51.493,0.224,307.547,241.169,0
32.457,3.99E+04,241.842,51.493,0.224,307.674,241.169,0
32.507,3.99E+04,241.842,51.493,0.224,308.15,241.169,0
32.557,3.99E+04,241.842,51.493,0.224,308.245,241.169,0
32.607,3.99E+04,241.842,51.493,0.224,307.703,241.169,0
32.657,3.99E+04,241.842,51.493,0.224,307.901,241.169,0
32.707,3.99E+04,241.842,51.493,0.224,308.227,241.169,0
32.757,3.99E+04,241.842,51.493,0.224,307.938,241.169,0
32.807,3.99E+04,241.842,51.493,0.224,308.176,241.169,0
32.857,3.99E+04,241.842,51.493,0.224,308.369,241.169,0
32.907,3.99E+04,241.842,51.493,0.224,308.474,241.169,0
32.957,3.99E+04,241.842,51.493,0.224,308.323,241.169,0
33.007,3.99E+04,241.842,51.493,0.224,308.402,241.169,0
33.057,3.99E+04,241.842,51.493,0.224,308.564,241.169,0
33.107,3.99E+04,241.842,51.493,0.224,308.247,241.169,0
33.157,3.99E+04,241.842,51.493,0.224,307.889,241.169,0
33.207,3.99E+04,241.842,51.493,0.224,308.322,241.169,0
33.257,3.99E+04,241.842,51.493,0.224,308.658,241.169,0
33.307,3.99E+04,241.842,51.493,0.224,308.857,241.169,0
33.357,3.99E+04,241.842,51.493,0.224,309.144,241.169,0
33.407,3.99E+04,241.842,51.493,0.224,309.531,241.169,0
33.457,3.99E+04,241.842,51.493,0.224,309.393,241.169,0
33.507,3.99E+04,241.842,51.493,0.224,309.219,241.169,0
33.557,3.99E+04,241.842,51.493,0.224,309,241.169,0
33.607,3.99E+04,241.842,51.493,0.224,309.601,241.169,0
33.657,3.99E+04,241.842,51.493,0.224,309.778,241.169,0
33.707,3.99E+04,241.842,51.493,0.224,310.042,241.169,0
33.757,3.99E+04,241.842,51.493,0.224,310.152,241.169,0
33.807,3.99E+04,241.842,51.493,0.224,310.768,241.169,0
33.857,3.99E+04,241.842,51.493,0.224,311.053,241.169,0
33.907,3.99E+04,241.842,51.493,0.224,310.498,241.169,0
33.957,3.99E+04,241.842,51.493,0.224,309.701,241.169,0
34.007,3.99E+04,241.842,51.493,0.224,309.414,241.169,0
34.057,3.99E+04,241.842,51.493,0.224,309.902,241.169,0
34.107,3.99E+04,241.842,51.493,0.224,309.565,241.169,0
34.157,3.99E+04,241.842,51.493,0.224,309.706,241.169,0
34.207,3.99E+04,241.842,51.493,0.224,309.994,241.169,0
34.257,3.99E+04,241.842,51.493,0.224,309.799,241.169,0
34.307,3.99E+04,241.842,51.493,0.224,309.97,241.169,0
34.357,3.99E+04,241.842,51.493,0.224,310.291,241.169,0
34.407,3.99E+04,241.842,51.493,0.224,309.951,241.169,0
34.457,3.99E+04,241.842,51.493,0.224,309.711,241.169,0
34.507,3.99E+04,241.842,51.493,0.224,309.905,241.169,0
34.557,3.99E+04,241.842,51.493,0.224,309.808,241.169,0
34.607,3.99E+04,241.842,51.493,0.224,309.694,241.169,0
34.657,3.99E+04,241.842,51.493,0.224,309.693,241.169,0
34.707,3.99E+04,241.842,51.493,0.224,309.622,241.169,0
34.757,3.99E+04,241.842,51.493,0.224,309.98,241.169,0
34.807,3.99E+04,241.842,51.493,0.224,309.692,241.169,0
34.857,3.99E+04,241.842,51.493,0.224,309.381,241.169,0
34.907,3.99E+04,241.842,51.493,0.224,309.57,241.169,0
34.957,3.99E+04,241.842,51.493,0.224,309.457,241.169,0
35.007,3.99E+04,241.842,51.493,0.224,309.66,241.169,0
35.057,3.99E+04,241.842,51.493,0.224,309.799,241.169,0
35.107,3.99E+04,241.842,51.493,0.224,309.859,241.169,0
35.157,3.99E+04,241.842,51.493,0.224,309.8,241.169,0
35.207,3.99E+04,241.842,51.493,0.224,309.823,241.169,0
35.257,3.99E+04,241.842,51.493,0.224,309.76,241.169,0
35.307,3.99E+04,241.842,51.493,0.224,309.786,241.169,0
35.357,3.99E+04,241.842,51.493,0.224,309.808,241.169,0
35.407,3.99E+04,241.842,51.493,0.224,309.959,241.169,0
35.457,3.99E+04,241.842,51.493,0.224,309.91,241.169,0
35.507,3.99E+04,241.842,51.493,0.224,310.053,241.169,0
35.557,3.99E+04,241.842,51.493,0.224,310.085,241.169,0
35.607,3.99E+04,241.842,51.493,0.224,310.108,241.169,0
35.657,3.99E+04,241.842,51.493,0.224,310.143,241.169,0
35.707,3.99E+04,241.842,51.493,0.224,310.2,241.169,0
35.757,3.99E+04,241.842,51.493,0.224,310.294,241.169,0
35.762,3.99E+04,241.842,NaN,NaN,NaN,NaN,0
36.262,3.99E+04,241.842,NaN,NaN,NaN,NaN,0
36.762,3.99E+04,241.842,NaN,NaN,NaN,NaN,0
37.262,3.99E+04,241.842,NaN,NaN,NaN,NaN,0
37.762,3.99E+04,241.842,NaN,NaN,NaN,NaN,0
38.262,3.99E+04,241.842,NaN,NaN,NaN,NaN,0
38.762,3.99E+04,241.842,NaN,NaN,NaN,NaN,0
39.262,3.99E+04,241.842,NaN,NaN,NaN,NaN,0
39.762,3.99E+04,241.842,NaN,NaN,NaN,NaN,0
40.262,3.99E+04,241.842,NaN,NaN,NaN,NaN,0
40.762,3.99E+04,241.842,NaN,NaN,NaN,NaN,0
41.262,3.99E+04,241.842,NaN,NaN,NaN,NaN,0
41.762,3.99E+04,241.842,NaN,NaN,NaN,NaN,0
42.262,3.99E+04,241.842,NaN,NaN,NaN,NaN,0
42.762,3.99E+04,241.842,NaN,NaN,NaN,NaN,0
43.262,3.99E+04,241.842,NaN,NaN,NaN,NaN,0
43.762,3.99E+04,241.842,NaN,NaN,NaN,NaN,0
44.262,3.99E+04,241.842,NaN,NaN,NaN,NaN,0
44.762,3.99E+04,241.842,NaN,NaN,NaN,NaN,0
45.262,3.99E+04,241.842,NaN,NaN,NaN,NaN,0
45.762,3.99E+04,241.842,NaN,NaN,NaN,NaN,0
46.262,3.99E+04,241.842,NaN,NaN,NaN,NaN,0
46.762,3.99E+04,241.842,NaN,NaN,NaN,NaN,0
47.262,3.99E+04,241.842,NaN,NaN,NaN,NaN,0
47.762,3.99E+04,241.842,NaN,NaN,NaN,NaN,0
48.262,3.99E+04,241.842,NaN,NaN,NaN,NaN,0
48.762,3.99E+04,241.842,NaN,NaN,NaN,NaN,0
49.262,3.99E+04,241.842,NaN,NaN,NaN,NaN,0
49.762,3.99E+04,241.842,NaN,NaN,NaN,NaN,0
50.262,3.99E+04,241.842,NaN,NaN,NaN,NaN,0
50.762,3.99E+04,241.842,NaN,NaN,NaN,NaN,0
51.262,3.99E+04,241.842,NaN,NaN,NaN,NaN,0
51.762,3.99E+04,241.842,NaN,NaN,NaN,NaN,0
52.262,3.99E+04,241.842,NaN,NaN,NaN,NaN,0
52.762,3.99E+04,241.842,NaN,NaN,NaN,NaN,0
53.262,3.99E+04,241.842,NaN,NaN,NaN,NaN,0
53.762,3.99E+04,241.842,NaN,NaN,NaN,NaN,0
54.262,3.99E+04,241.842,NaN,NaN,NaN,NaN,0
54.762,3.99E+04,241.842,NaN,NaN,NaN,NaN,0
55.262,3.99E+04,241.842,NaN,NaN,NaN,NaN,0
55.762,3.99E+04,241.842,NaN,NaN,NaN,NaN,0
56.262,3.99E+04,241.842,NaN,NaN,NaN,NaN,0
56.762,3.99E+04,241.842,NaN,NaN,NaN,NaN,0
57.262,3.99E+04,241.842,NaN,NaN,NaN,NaN,0
57.762,3.99E+04,241.842,NaN,NaN,NaN,NaN,0
58.262,3.99E+04,241.842,NaN,NaN,NaN,NaN,0
58.762,3.99E+04,241.842,NaN,NaN,NaN,NaN,0
59.262,3.99E+04,241.842,NaN,NaN,NaN,NaN,0
59.762,3.99E+04,241.842,NaN,NaN,NaN,NaN,0
60.262,3.99E+04,241.842,NaN,NaN,NaN,NaN,0
60.762,3.99E+04,241.842,NaN,NaN,NaN,NaN,0
61.262,3.99E+04,241.842,NaN,NaN,NaN,NaN,0
61.762,3.99E+04,241.842,NaN,NaN,NaN,NaN,0
62.262,3.99E+04,241.842,NaN,NaN,NaN,NaN,0
62.762,3.99E+04,241.842,NaN,NaN,NaN,NaN,0
63.262,3.99E+04,241.842,NaN,NaN,NaN,NaN,0
63.762,3.99E+04,241.842,NaN,NaN,NaN,NaN,0
64.262,3.99E+04,241.842,NaN,NaN,NaN,NaN,0
64.762,3.99E+04,241.842,NaN,NaN,NaN,NaN,0
65.262,3.99E+04,241.842,NaN,NaN,NaN,NaN,0
65.762,3.99E+04,241.842,NaN,NaN,NaN,NaN,0
66.262,3.99E+04,241.842,NaN,NaN,NaN,NaN,0
66.762,3.99E+04,241.842,NaN,NaN,NaN,NaN,0
67.262,3.99E+04,241.842,NaN,NaN,NaN,NaN,0
67.762,3.99E+04,241.842,NaN,NaN,NaN,NaN,0
68.262,3.99E+04,241.842,NaN,NaN,NaN,NaN,0
68.762,3.99E+04,241.842,NaN,NaN,NaN,NaN,0
69.262,3.99E+04,241.842,NaN,NaN,NaN,NaN,0
69.762,3.99E+04,241.842,NaN,NaN,NaN,NaN,0
70.262,3.99E+04,241.842,NaN,NaN,NaN,NaN,0
70.762,3.99E+04,241.842,NaN,NaN,NaN,NaN,0
71.262,3.99E+04,241.842,NaN,NaN,NaN,NaN,0
71.762,3.99E+04,241.842,NaN,NaN,NaN,NaN,0
72.262,3.99E+04,241.842,NaN,NaN,NaN,NaN,0
72.762,3.99E+04,241.842,NaN,NaN,NaN,NaN,0
73.262,3.99E+04,241.842,NaN,NaN,NaN,NaN,0
73.762,3.99E+04,241.842,NaN,NaN,NaN,NaN,0
74.262,3.99E+04,241.842,NaN,NaN,NaN,NaN,0
74.762,3.99E+04,241.842,NaN,NaN,NaN,NaN,0
75.262,3.99E+04,241.842,NaN,NaN,NaN,NaN,0
75.762,3.99E+04,241.842,NaN,NaN,NaN,NaN,0
76.262,3.99E+04,241.842,NaN,NaN,NaN,NaN,0
76.762,3.99E+04,241.842,NaN,NaN,NaN,NaN,0
77.262,3.99E+04,241.842,NaN,NaN,NaN,NaN,0
77.762,3.99E+04,241.842,NaN,NaN,NaN,NaN,0
78.262,3.99E+04,241.842,NaN,NaN,NaN,NaN,0
78.762,3.99E+04,241.842,NaN,NaN,NaN,NaN,0
79.262,3.99E+04,241.842,NaN,NaN,NaN,NaN,0
79.762,3.99E+04,241.842,NaN,NaN,NaN,NaN,0
80.262,3.99E+04,241.842,NaN,NaN,NaN,NaN,0
80.762,3.99E+04,241.842,NaN,NaN,NaN,NaN,0
81.262,3.99E+04,241.842,NaN,NaN,NaN,NaN,0
81.762,3.99E+04,241.842,NaN,NaN,NaN,NaN,0
82.262,3.99E+04,241.842,NaN,NaN,NaN,NaN,0
82.762,3.99E+04,241.842,NaN,NaN,NaN,NaN,0
83.262,3.99E+04,241.842,NaN,NaN,NaN,NaN,0
83.762,3.99E+04,241.842,NaN,NaN,NaN,NaN,0
84.262,3.99E+04,241.842,NaN,NaN,NaN,NaN,0
84.762,3.99E+04,241.842,NaN,NaN,NaN,NaN,0
85.262,3.99E+04,241.842,NaN,NaN,NaN,NaN,0
85.762,3.99E+04,241.842,NaN,NaN,NaN,NaN,0
86.262,3.99E+04,241.842,NaN,NaN,NaN,NaN,0
86.762,3.99E+04,241.842,NaN,NaN,NaN,NaN,0
87.262,3.99E+04,241.842,NaN,NaN,NaN,NaN,0
87.762,3.99E+04,241.842,NaN,NaN,NaN,NaN,0
88.262,3.99E+04,241.842,NaN,NaN,NaN,NaN,0
88.762,3.99E+04,241.842,NaN,NaN,NaN,NaN,0
89.262,3.99E+04,241.842,NaN,NaN,NaN,NaN,0
89.762,3.99E+04,241.842,NaN,NaN,NaN,NaN,0
90.262,3.99E+04,241.842,NaN,NaN,NaN,NaN,0
90.762,3.99E+04,241.842,NaN,NaN,NaN,NaN,0
91.262,3.99E+04,241.842,NaN,NaN,NaN,NaN,0
91.762,3.99E+04,241.842,NaN,NaN,NaN,NaN,0
92.262,3.99E+04,241.842,NaN,NaN,NaN,NaN,0
92.762,3.99E+04,241.842,NaN,NaN,NaN,NaN,0
93.262,3.99E+04,241.842,NaN,NaN,NaN,NaN,0
93.762,3.99E+04,241.842,NaN,NaN,NaN,NaN,0
94.262,3.99E+04,241.842,NaN,NaN,NaN,NaN,0
94.762,3.99E+04,241.842,NaN,NaN,NaN,NaN,0
95.262,3.99E+04,241.842,NaN,NaN,NaN,NaN,0
95.762,3.99E+04,241.842,NaN,NaN,NaN,NaN,0
96.262,3.99E+04,241.842,NaN,NaN,NaN,NaN,0
96.762,3.99E+04,241.842,NaN,NaN,NaN,NaN,0
97.262,3.99E+04,241.842,NaN,NaN,NaN,NaN,0
97.762,3.99E+04,241.842,NaN,NaN,NaN,NaN,0
98.262,3.99E+04,241.842,NaN,NaN,NaN,NaN,0
98.762,3.99E+04,241.842,NaN,NaN,NaN,NaN,0
99.262,3.99E+04,241.842,NaN,NaN,NaN,NaN,0
99.762,3.99E+04,241.842,NaN,NaN,NaN,NaN,0
100.262,3.99E+04,241.842,NaN,NaN,NaN,NaN,0
100.762,3.99E+04,241.842,NaN,NaN,NaN,NaN,0
101.262,3.99E+04,241.842,NaN,NaN,NaN,NaN,0
101.762,3.99E+04,241.842,NaN,NaN,NaN,NaN,0
102.262,3.99E+04,241.842,NaN,NaN,NaN,NaN,0
102.762,3.99E+04,241.842,NaN,NaN,NaN,NaN,0
103.262,3.99E+04,241.842,NaN,NaN,NaN,NaN,0
103.762,3.99E+04,241.842,NaN,NaN,NaN,NaN,0
104.262,3.99E+04,241.842,NaN,NaN,NaN,NaN,0
104.762,3.99E+04,241.842,NaN,NaN,NaN,NaN,0
105.262,3.99E+04,241.842,NaN,NaN,NaN,NaN,0
105.762,3.99E+04,241.842,NaN,NaN,NaN,NaN,0
106.262,3.99E+04,241.842,NaN,NaN,NaN,NaN,0
106.762,3.99E+04,241.842,NaN,NaN,NaN,NaN,0
107.262,3.99E+04,241.842,NaN,NaN,NaN,NaN,0
107.762,3.99E+04,241.842,NaN,NaN,NaN,NaN,0
108.262,3.99E+04,241.842,NaN,NaN,NaN,NaN,0
108.762,3.99E+04,241.842,NaN,NaN,NaN,NaN,0
109.262,3.99E+04,241.842,NaN,NaN,NaN,NaN,0
109.762,3.99E+04,241.842,NaN,NaN,NaN,NaN,0
110.262,3.99E+04,241.842,NaN,NaN,NaN,NaN,0
110.762,3.99E+04,241.842,NaN,NaN,NaN,NaN,0
111.262,3.99E+04,241.842,NaN,NaN,NaN,NaN,0
111.762,3.99E+04,241.842,NaN,NaN,NaN,NaN,0
112.262,3.99E+04,241.842,NaN,NaN,NaN,NaN,0
112.762,3.99E+04,241.842,NaN,NaN,NaN,NaN,0
113.262,3.99E+04,241.842,NaN,NaN,NaN,NaN,0
113.762,3.99E+04,241.842,NaN,NaN,NaN,NaN,0
114.262,3.99E+04,241.842,NaN,NaN,NaN,NaN,0
114.762,3.99E+04,241.842,NaN,NaN,NaN,NaN,0
115.262,3.99E+04,241.842,NaN,NaN,NaN,NaN,0
115.762,3.99E+04,241.842,NaN,NaN,NaN,NaN,0
116.262,3.99E+04,241.842,NaN,NaN,NaN,NaN,0
116.762,3.99E+04,241.842,NaN,NaN,NaN,NaN,0
117.262,3.99E+04,241.842,NaN,NaN,NaN,NaN,0
117.762,3.99E+04,241.842,NaN,NaN,NaN,NaN,0
118.262,3.99E+04,241.842,NaN,NaN,NaN,NaN,0
118.762,3.99E+04,241.842,NaN,NaN,NaN,NaN,0
119.262,3.99E+04,241.842,NaN,NaN,NaN,NaN,0
119.762,3.99E+04,241.842,NaN,NaN,NaN,NaN,0
120.262,3.99E+04,241.842,NaN,NaN,NaN,NaN,0
120.762,3.99E+04,241.842,NaN,NaN,NaN,NaN,0
121.262,3.99E+04,241.842,NaN,NaN,NaN,NaN,0
121.762,3.99E+04,241.842,NaN,NaN,NaN,NaN,0
122.262,3.99E+04,241.842,NaN,NaN,NaN,NaN,0
122.762,3.99E+04,241.842,NaN,NaN,NaN,NaN,0
123.262,3.99E+04,241.842,NaN,NaN,NaN,NaN,0
123.762,3.99E+04,241.842,NaN,NaN,NaN,NaN,0
124.262,3.99E+04,241.842,NaN,NaN,NaN,NaN,0
124.762,3.99E+04,241.842,NaN,NaN,NaN,NaN,0
125.262,3.99E+04,241.842,NaN,NaN,NaN,NaN,0
125.762,3.99E+04,241.842,NaN,NaN,NaN,NaN,0
126.262,3.99E+04,241.842,NaN,NaN,NaN,NaN,0
126.762,3.99E+04,241.842,NaN,NaN,NaN,NaN,0
127.262,3.99E+04,241.842,NaN,NaN,NaN,NaN,0
127.263,3.99E+04,241.842,NaN,NaN,NaN,NaN,0
127.264,3.99E+04,241.842,NaN,NaN,NaN,NaN,0
127.265,3.99E+04,241.842,NaN,NaN,NaN,NaN,0
127.266,3.99E+04,241.842,NaN,NaN,NaN,NaN,0
127.267,3.99E+04,241.842,NaN,NaN,NaN,NaN,0
127.268,3.99E+04,241.842,NaN,NaN,NaN,NaN,0
127.269,3.99E+04,241.842,NaN,NaN,NaN,NaN,0
127.27,3.99E+04,241.842,NaN,NaN,NaN,NaN,0
127.271,3.99E+04,241.842,NaN,NaN,NaN,NaN,0
127.272,3.99E+04,241.842,NaN,NaN,NaN,NaN,0
127.273,3.99E+04,241.842,NaN,NaN,NaN,NaN,0
127.274,3.99E+04,241.842,NaN,NaN,NaN,NaN,0
127.275,3.99E+04,241.842,NaN,NaN,NaN,NaN,0
127.276,3.99E+04,241.842,NaN,NaN,NaN,NaN,0
127.277,3.99E+04,241.842,NaN,NaN,NaN,NaN,0
127.278,3.99E+04,241.842,NaN,NaN,NaN,NaN,0
127.279,3.99E+04,241.842,NaN,NaN,NaN,NaN,0
127.28,3.99E+04,241.842,NaN,NaN,NaN,NaN,0
127.281,3.99E+04,241.842,NaN,NaN,NaN,NaN,0
127.282,3.99E+04,241.842,NaN,NaN,NaN,NaN,0
127.283,3.99E+04,241.842,NaN,NaN,NaN,NaN,0
127.284,3.99E+04,241.842,NaN,NaN,NaN,NaN,0
127.285,3.99E+04,241.842,NaN,NaN,NaN,NaN,0
127.286,3.99E+04,241.842,NaN,NaN,NaN,NaN,0
127.287,3.99E+04,241.842,NaN,NaN,NaN,NaN,0
127.288,3.99E+04,241.842,NaN,NaN,NaN,NaN,0
127.289,3.99E+04,241.842,NaN,NaN,NaN,NaN,0
127.29,3.99E+04,241.842,NaN,NaN,NaN,NaN,0
127.291,3.99E+04,241.842,NaN,NaN,NaN,NaN,0
127.292,3.99E+04,241.842,NaN,NaN,NaN,NaN,0
127.293,3.99E+04,241.842,NaN,NaN,NaN,NaN,0
127.294,3.99E+04,241.842,NaN,NaN,NaN,NaN,0
127.295,3.99E+04,241.842,NaN,NaN,NaN,NaN,0
127.296,3.99E+04,241.842,NaN,NaN,NaN,NaN,0
127.297,3.99E+04,241.842,NaN,NaN,NaN,NaN,0
127.298,3.99E+04,241.842,NaN,NaN,NaN,NaN,0
127.299,3.99E+04,241.842,NaN,NaN,NaN,NaN,0
127.3,3.99E+04,241.842,NaN,NaN,NaN,NaN,0
127.301,3.99E+04,241.842,NaN,NaN,NaN,NaN,0
127.302,3.99E+04,241.842,NaN,NaN,NaN,NaN,0
127.303,3.99E+04,241.842,NaN,NaN,NaN,NaN,0
127.304,3.99E+04,241.842,NaN,NaN,NaN,NaN,0
127.305,3.99E+04,241.842,NaN,NaN,NaN,NaN,0
127.306,3.99E+04,241.842,NaN,NaN,NaN,NaN,0
127.307,3.99E+04,241.842,NaN,NaN,NaN,NaN,0
127.308,3.99E+04,241.842,NaN,NaN,NaN,NaN,0
127.309,3.99E+04,241.842,NaN,NaN,NaN,NaN,0
127.31,3.99E+04,241.842,NaN,NaN,NaN,NaN,0
127.311,3.99E+04,241.842,NaN,NaN,NaN,NaN,0
127.312,3.99E+04,241.842,NaN,NaN,NaN,NaN,0
127.313,3.99E+04,241.842,NaN,NaN,NaN,NaN,0
127.314,3.99E+04,241.842,NaN,NaN,NaN,NaN,0
127.315,3.99E+04,241.842,NaN,NaN,NaN,NaN,0
127.316,3.99E+04,241.842,NaN,NaN,NaN,NaN,0
127.317,3.99E+04,241.842,NaN,NaN,NaN,NaN,0
127.318,3.99E+04,241.842,NaN,NaN,NaN,NaN,0
127.319,3.99E+04,241.842,NaN,NaN,NaN,NaN,0
127.32,3.99E+04,241.842,NaN,NaN,NaN,NaN,0
127.321,3.99E+04,241.842,NaN,NaN,NaN,NaN,0
127.322,3.99E+04,241.842,NaN,NaN,NaN,NaN,0
127.323,3.99E+04,241.842,NaN,NaN,NaN,NaN,0
127.324,3.99E+04,241.842,NaN,NaN,NaN,NaN,0
127.325,3.99E+04,241.842,NaN,NaN,NaN,NaN,0
127.326,3.99E+04,241.842,NaN,NaN,NaN,NaN,0
127.327,3.99E+04,241.842,NaN,NaN,NaN,NaN,0
127.328,3.99E+04,241.842,NaN,NaN,NaN,NaN,0
127.329,3.99E+04,241.842,NaN,NaN,NaN,NaN,0
127.33,3.99E+04,241.842,NaN,NaN,NaN,NaN,0
127.331,3.99E+04,241.842,NaN,NaN,NaN,NaN,0
127.332,3.99E+04,241.842,NaN,NaN,NaN,NaN,0
127.333,3.99E+04,241.842,NaN,NaN,NaN,NaN,0
127.334,3.99E+04,241.842,NaN,NaN,NaN,NaN,0
127.335,3.99E+04,241.842,NaN,NaN,NaN,NaN,0
127.336,3.99E+04,241.842,NaN,NaN,NaN,NaN,0
127.337,3.99E+04,241.842,NaN,NaN,NaN,NaN,0
127.338,3.99E+04,241.842,NaN,NaN,NaN,NaN,0
127.339,3.99E+04,241.842,NaN,NaN,NaN,NaN,0
127.34,3.99E+04,241.842,NaN,NaN,NaN,NaN,0
127.341,3.99E+04,241.842,NaN,NaN,NaN,NaN,0
127.342,3.99E+04,241.842,NaN,NaN,NaN,NaN,0
127.343,3.99E+04,241.842,NaN,NaN,NaN,NaN,0
127.344,3.99E+04,241.842,NaN,NaN,NaN,NaN,0
127.345,3.99E+04,241.842,NaN,NaN,NaN,NaN,0
127.346,3.99E+04,241.842,NaN,NaN,NaN,NaN,0
127.347,3.99E+04,241.842,NaN,NaN,NaN,NaN,0
127.348,3.99E+04,241.842,NaN,NaN,NaN,NaN,0
127.349,3.99E+04,241.842,NaN,NaN,NaN,NaN,0
127.35,3.99E+04,241.842,NaN,NaN,NaN,NaN,0
127.351,3.99E+04,241.842,NaN,NaN,NaN,NaN,0
127.352,3.99E+04,241.842,NaN,NaN,NaN,NaN,0
127.353,3.99E+04,241.842,NaN,NaN,NaN,NaN,0
127.354,3.99E+04,241.842,NaN,NaN,NaN,NaN,0
127.355,3.99E+04,241.842,NaN,NaN,NaN,NaN,0
127.356,3.99E+04,241.842,NaN,NaN,NaN,NaN,0
127.357,3.99E+04,241.842,NaN,NaN,NaN,NaN,0
127.358,3.99E+04,241.842,NaN,NaN,NaN,NaN,0
127.359,3.99E+04,241.842,NaN,NaN,NaN,NaN,0
127.36,3.99E+04,241.842,NaN,NaN,NaN,NaN,0
127.361,3.99E+04,241.842,NaN,NaN,NaN,NaN,0
127.362,3.99E+04,241.842,NaN,NaN,NaN,NaN,0
127.363,3.99E+04,241.842,NaN,NaN,NaN,NaN,0
127.364,3.99E+04,241.842,NaN,NaN,NaN,NaN,0
127.365,3.99E+04,241.842,NaN,NaN,NaN,NaN,0
127.366,3.99E+04,241.842,NaN,NaN,NaN,NaN,0
127.367,3.99E+04,241.842,NaN,NaN,NaN,NaN,0
127.368,3.99E+04,241.842,NaN,NaN,NaN,NaN,0
127.369,3.99E+04,241.842,NaN,NaN,NaN,NaN,0
127.37,3.99E+04,241.842,NaN,NaN,NaN,NaN,0
127.371,3.99E+04,241.842,NaN,NaN,NaN,NaN,0
127.372,3.99E+04,241.842,NaN,NaN,NaN,NaN,0
127.373,3.99E+04,241.842,NaN,NaN,NaN,NaN,0
127.374,3.99E+04,241.842,NaN,NaN,NaN,NaN,0
127.375,3.99E+04,241.842,NaN,NaN,NaN,NaN,0
127.376,3.99E+04,241.842,NaN,NaN,NaN,NaN,0
127.377,3.99E+04,241.842,NaN,NaN,NaN,NaN,0
127.378,3.99E+04,241.842,NaN,NaN,NaN,NaN,0
127.379,3.99E+04,241.842,NaN,NaN,NaN,NaN,0
127.38,3.99E+04,241.842,NaN,NaN,NaN,NaN,0
127.381,3.99E+04,241.842,NaN,NaN,NaN,NaN,0
127.382,3.99E+04,241.842,NaN,NaN,NaN,NaN,0
127.383,3.99E+04,241.842,NaN,NaN,NaN,NaN,0
127.384,3.99E+04,241.842,NaN,NaN,NaN,NaN,0
127.385,3.99E+04,241.842,NaN,NaN,NaN,NaN,0
127.386,3.99E+04,241.842,NaN,NaN,NaN,NaN,0
127.387,3.99E+04,241.842,NaN,NaN,NaN,NaN,0
127.388,3.99E+04,241.842,NaN,NaN,NaN,NaN,0
127.389,3.99E+04,241.842,NaN,NaN,NaN,NaN,0
127.39,3.99E+04,241.842,NaN,NaN,NaN,NaN,0
127.391,3.99E+04,241.842,NaN,NaN,NaN,NaN,0
127.392,3.99E+04,241.842,NaN,NaN,NaN,NaN,0
127.393,3.99E+04,241.842,NaN,NaN,NaN,NaN,0
127.394,3.99E+04,241.842,NaN,NaN,NaN,NaN,0
127.395,3.99E+04,241.842,NaN,NaN,NaN,NaN,0
127.396,3.99E+04,241.842,NaN,NaN,NaN,NaN,0
127.397,3.99E+04,241.842,NaN,NaN,NaN,NaN,0
127.398,3.99E+04,241.842,NaN,NaN,NaN,NaN,0
127.399,3.99E+04,241.842,NaN,NaN,NaN,NaN,0
127.4,3.99E+04,241.842,NaN,NaN,NaN,NaN,0
127.401,3.99E+04,241.842,NaN,NaN,NaN,NaN,0
127.402,3.99E+04,241.842,NaN,NaN,NaN,NaN,0
127.403,3.99E+04,241.842,NaN,NaN,NaN,NaN,0
127.404,3.99E+04,241.842,NaN,NaN,NaN,NaN,0
127.405,3.99E+04,241.842,NaN,NaN,NaN,NaN,0
127.406,3.99E+04,241.842,NaN,NaN,NaN,NaN,0
127.407,3.99E+04,241.842,NaN,NaN,NaN,NaN,0
127.409,3.99E+04,241.842,NaN,NaN,NaN,NaN,0
127.41,3.99E+04,241.842,NaN,NaN,NaN,NaN,0
127.411,3.99E+04,241.842,NaN,NaN,NaN,NaN,0
127.412,3.99E+04,241.842,NaN,NaN,NaN,NaN,0
127.413,3.99E+04,241.842,NaN,NaN,NaN,NaN,0
127.415,3.99E+04,241.842,NaN,NaN,NaN,NaN,0
127.416,3.99E+04,241.842,NaN,NaN,NaN,NaN,0
127.417,3.99E+04,241.842,NaN,NaN,NaN,NaN,0
127.419,3.99E+04,241.842,NaN,NaN,NaN,NaN,0
127.42,3.99E+04,241.842,NaN,NaN,NaN,NaN,0
127.421,3.99E+04,241.842,NaN,NaN,NaN,NaN,0
127.423,3.99E+04,241.842,NaN,NaN,NaN,NaN,0
127.424,3.99E+04,241.842,NaN,NaN,NaN,NaN,0
127.426,3.99E+04,241.842,NaN,NaN,NaN,NaN,0
127.427,3.99E+04,241.842,NaN,NaN,NaN,NaN,0
127.428,3.99E+04,241.842,NaN,NaN,NaN,NaN,0
127.43,3.99E+04,241.842,NaN,NaN,NaN,NaN,0
127.432,3.99E+04,241.842,NaN,NaN,NaN,NaN,0
127.433,3.99E+04,241.842,NaN,NaN,NaN,NaN,0
127.435,3.99E+04,241.842,NaN,NaN,NaN,NaN,0
127.436,3.99E+04,241.842,NaN,NaN,NaN,NaN,0
127.438,3.99E+04,241.842,NaN,NaN,NaN,NaN,0
127.44,3.99E+04,241.842,NaN,NaN,NaN,NaN,0
127.442,3.99E+04,241.842,NaN,NaN,NaN,NaN,0
127.443,3.99E+04,241.842,NaN,NaN,NaN,NaN,0
127.445,3.99E+04,241.842,NaN,NaN,NaN,NaN,0
127.447,3.99E+04,241.842,NaN,NaN,NaN,NaN,0
127.449,3.99E+04,241.842,NaN,NaN,NaN,NaN,0
127.451,3.99E+04,241.842,NaN,NaN,NaN,NaN,0
127.453,3.99E+04,241.842,NaN,NaN,NaN,NaN,0
127.455,3.99E+04,241.842,NaN,NaN,NaN,NaN,0
127.457,3.99E+04,241.842,NaN,NaN,NaN,NaN,0
127.459,3.99E+04,241.842,NaN,NaN,NaN,NaN,0
127.461,3.99E+04,241.842,NaN,NaN,NaN,NaN,0
127.463,3.99E+04,241.842,NaN,NaN,NaN,NaN,0
127.466,3.99E+04,241.842,NaN,NaN,NaN,NaN,0
127.468,3.99E+04,241.842,NaN,NaN,NaN,NaN,0
127.47,3.99E+04,241.842,NaN,NaN,NaN,NaN,0
127.473,3.99E+04,241.842,NaN,NaN,NaN,NaN,0
127.475,3.99E+04,241.842,NaN,NaN,NaN,NaN,0
127.478,3.99E+04,241.842,NaN,NaN,NaN,NaN,0
127.48,3.99E+04,241.842,NaN,NaN,NaN,NaN,0
127.483,3.99E+04,241.842,NaN,NaN,NaN,NaN,0
127.486,3.99E+04,241.842,NaN,NaN,NaN,NaN,0
127.489,3.99E+04,241.842,NaN,NaN,NaN,NaN,0
127.492,3.99E+04,241.842,NaN,NaN,NaN,NaN,0
127.495,3.99E+04,241.842,NaN,NaN,NaN,NaN,0
127.498,3.99E+04,241.842,NaN,NaN,NaN,NaN,0
127.501,3.99E+04,241.842,NaN,NaN,NaN,NaN,0
127.504,3.99E+04,241.842,NaN,NaN,NaN,NaN,0
127.508,3.99E+04,241.842,NaN,NaN,NaN,NaN,0
127.511,3.99E+04,241.842,NaN,NaN,NaN,NaN,0
127.515,3.99E+04,241.842,NaN,NaN,NaN,NaN,0
127.519,3.99E+04,241.842,NaN,NaN,NaN,NaN,0
127.522,3.99E+04,241.842,NaN,NaN,NaN,NaN,0
127.526,3.99E+04,241.842,NaN,NaN,NaN,NaN,0
127.531,3.99E+04,241.842,NaN,NaN,NaN,NaN,0
127.535,3.99E+04,241.842,NaN,NaN,NaN,NaN,0
127.539,3.99E+04,241.842,NaN,NaN,NaN,NaN,0
127.544,3.99E+04,241.842,NaN,NaN,NaN,NaN,0
127.549,3.99E+04,241.842,NaN,NaN,NaN,NaN,0
127.554,3.99E+04,241.842,NaN,NaN,NaN,NaN,0
127.559,3.99E+04,241.842,NaN,NaN,NaN,NaN,0
127.564,3.99E+04,241.842,NaN,NaN,NaN,NaN,0
127.57,3.99E+04,241.842,NaN,NaN,NaN,NaN,0
127.576,3.99E+04,241.842,NaN,NaN,NaN,NaN,0
127.582,3.99E+04,241.842,NaN,NaN,NaN,NaN,0
127.589,3.99E+04,241.842,NaN,NaN,NaN,NaN,0
127.595,3.99E+04,241.842,NaN,NaN,NaN,NaN,0
127.603,3.99E+04,241.842,NaN,NaN,NaN,NaN,0
127.61,3.99E+04,241.842,NaN,NaN,NaN,NaN,0
127.618,3.99E+04,241.842,NaN,NaN,NaN,NaN,0
127.626,3.99E+04,241.842,NaN,NaN,NaN,NaN,0
127.635,3.99E+04,241.842,NaN,NaN,NaN,NaN,0
127.645,3.99E+04,241.842,NaN,NaN,NaN,NaN,0
127.654,3.99E+04,241.842,NaN,NaN,NaN,NaN,0
127.665,3.99E+04,241.842,NaN,NaN,NaN,NaN,0
127.676,3.99E+04,241.842,NaN,NaN,NaN,NaN,0
127.689,3.99E+04,241.842,NaN,NaN,NaN,NaN,0
127.702,3.99E+04,241.842,NaN,NaN,NaN,NaN,0
127.716,3.99E+04,241.842,NaN,NaN,NaN,NaN,0
127.731,3.99E+04,241.842,NaN,NaN,NaN,NaN,0
127.748,3.99E+04,241.842,NaN,NaN,NaN,NaN,0
127.766,3.99E+04,241.842,NaN,NaN,NaN,NaN,0
127.786,3.99E+04,241.842,NaN,NaN,NaN,NaN,0
127.808,3.99E+04,241.842,NaN,NaN,NaN,NaN,0
127.833,3.99E+04,241.842,NaN,NaN,NaN,NaN,0
127.861,3.99E+04,241.842,NaN,NaN,NaN,NaN,0
127.892,3.99E+04,241.842,NaN,NaN,NaN,NaN,0
127.927,3.99E+04,241.842,NaN,NaN,NaN,NaN,0
127.968,3.99E+04,241.842,NaN,NaN,NaN,NaN,0
128.018,3.99E+04,241.842,NaN,NaN,NaN,NaN,0
128.077,3.99E+04,241.842,NaN,NaN,NaN,NaN,0
128.151,3.99E+04,241.842,NaN,NaN,NaN,NaN,0
128.245,3.99E+04,241.842,NaN,NaN,NaN,NaN,0
128.37,3.99E+04,241.842,NaN,NaN,NaN,NaN,0
128.527,3.99E+04,241.842,NaN,NaN,NaN,NaN,0
128.72,3.99E+04,241.842,NaN,NaN,NaN,NaN,0
129.22,3.99E+04,241.842,NaN,NaN,NaN,NaN,0
129.72,3.99E+04,241.842,NaN,NaN,NaN,NaN,0
130.22,3.99E+04,241.842,NaN,NaN,NaN,NaN,0
130.72,3.99E+04,241.842,NaN,NaN,NaN,NaN,0
131.22,3.99E+04,241.842,NaN,NaN,NaN,NaN,0
131.72,3.99E+04,241.842,NaN,NaN,NaN,NaN,0
132.208,3.99E+04,241.842,NaN,NaN,NaN,NaN,0
132.708,3.99E+04,241.842,NaN,NaN,NaN,NaN,0
133.208,3.99E+04,241.842,NaN,NaN,NaN,NaN,0
133.708,3.99E+04,241.842,NaN,NaN,NaN,NaN,0
134.208,3.99E+04,241.842,NaN,NaN,NaN,NaN,0
134.708,3.99E+04,241.842,NaN,NaN,NaN,NaN,0
135.208,3.99E+04,241.842,NaN,NaN,NaN,NaN,0
135.708,3.99E+04,241.842,NaN,NaN,NaN,NaN,0
136.208,3.99E+04,241.842,NaN,NaN,NaN,NaN,0
136.708,3.99E+04,241.842,NaN,NaN,NaN,NaN,0
137.16,3.99E+04,241.842,NaN,NaN,NaN,NaN,0
137.565,3.99E+04,241.842,NaN,NaN,NaN,NaN,0
138.016,3.99E+04,241.842,NaN,NaN,NaN,NaN,0
138.516,3.99E+04,241.842,NaN,NaN,NaN,NaN,0
139.016,3.99E+04,241.842,NaN,NaN,NaN,NaN,0
139.395,3.99E+04,241.842,NaN,NaN,NaN,NaN,0
139.895,3.99E+04,241.842,NaN,NaN,NaN,NaN,0
140.395,3.99E+04,241.842,NaN,NaN,NaN,NaN,0
140.895,3.99E+04,241.842,NaN,NaN,NaN,NaN,0
141.395,3.99E+04,241.842,NaN,NaN,NaN,NaN,0
141.891,3.99E+04,241.842,NaN,NaN,NaN,NaN,0
142.391,3.99E+04,241.842,NaN,NaN,NaN,NaN,0
142.671,3.99E+04,241.842,NaN,NaN,NaN,NaN,0
142.99,3.99E+04,241.842,NaN,NaN,NaN,NaN,0
143.49,3.99E+04,241.842,NaN,NaN,NaN,NaN,0
143.99,3.99E+04,241.842,NaN,NaN,NaN,NaN,0
144.49,3.99E+04,241.842,NaN,NaN,NaN,NaN,0
144.99,3.99E+04,241.842,NaN,NaN,NaN,NaN,0
145.49,3.99E+04,241.842,NaN,NaN,NaN,NaN,0
145.99,3.99E+04,241.842,NaN,NaN,NaN,NaN,0
146.49,3.99E+04,241.842,NaN,NaN,NaN,NaN,0
146.99,3.99E+04,241.842,NaN,NaN,NaN,NaN,0
147.49,3.99E+04,241.842,NaN,NaN,NaN,NaN,0
147.99,3.99E+04,241.842,NaN,NaN,NaN,NaN,0
148.49,3.99E+04,241.842,NaN,NaN,NaN,NaN,0
148.99,3.99E+04,241.842,NaN,NaN,NaN,NaN,0
149.49,3.99E+04,241.842,NaN,NaN,NaN,NaN,0
149.99,3.99E+04,241.842,NaN,NaN,NaN,NaN,0
150.49,3.99E+04,241.842,NaN,NaN,NaN,NaN,0
150.99,3.99E+04,241.842,NaN,NaN,NaN,NaN,0
151.49,3.99E+04,241.842,NaN,NaN,NaN,NaN,0
151.99,3.99E+04,241.842,NaN,NaN,NaN,NaN,0
152.442,3.99E+04,241.842,NaN,NaN,NaN,NaN,0
152.842,3.99E+04,241.842,NaN,NaN,NaN,NaN,0
153.342,3.99E+04,241.842,NaN,NaN,NaN,NaN,0
153.842,3.99E+04,241.842,NaN,NaN,NaN,NaN,0
154.342,3.99E+04,241.842,NaN,NaN,NaN,NaN,0
154.842,3.99E+04,241.842,NaN,NaN,NaN,NaN,0
155.342,3.99E+04,241.842,NaN,NaN,NaN,NaN,0
155.842,3.99E+04,241.842,NaN,NaN,NaN,NaN,0
156.342,3.99E+04,241.842,NaN,NaN,NaN,NaN,0
156.842,3.99E+04,241.842,NaN,NaN,NaN,NaN,0
157.342,3.99E+04,241.842,NaN,NaN,NaN,NaN,0
157.842,3.99E+04,241.842,NaN,NaN,NaN,NaN,0
158.342,3.99E+04,241.842,NaN,NaN,NaN,NaN,0
158.842,3.99E+04,241.842,NaN,NaN,NaN,NaN,0
159.286,3.99E+04,241.842,NaN,NaN,NaN,NaN,0
159.786,3.99E+04,241.842,NaN,NaN,NaN,NaN,0
160.286,3.99E+04,241.842,NaN,NaN,NaN,NaN,0
160.786,3.99E+04,241.842,NaN,NaN,NaN,NaN,0
161.286,3.99E+04,241.842,NaN,NaN,NaN,NaN,0
161.786,3.99E+04,241.842,NaN,NaN,NaN,NaN,0
162.286,3.99E+04,241.842,NaN,NaN,NaN,NaN,0
162.786,3.99E+04,241.842,NaN,NaN,NaN,NaN,0
163.286,3.99E+04,241.842,NaN,NaN,NaN,NaN,0
163.786,3.99E+04,241.842,NaN,NaN,NaN,NaN,0
164.286,3.99E+04,241.842,NaN,NaN,NaN,NaN,0
164.786,3.99E+04,241.842,NaN,NaN,NaN,NaN,0
165.286,3.99E+04,241.842,NaN,NaN,NaN,NaN,0
165.786,3.99E+04,241.842,NaN,NaN,NaN,NaN,0
166.286,3.99E+04,241.842,NaN,NaN,NaN,NaN,0
166.786,3.99E+04,241.842,NaN,NaN,NaN,NaN,0
167.286,3.99E+04,241.842,NaN,NaN,NaN,NaN,0
167.786,3.99E+04,241.842,NaN,NaN,NaN,NaN,0
168.286,3.99E+04,241.842,NaN,NaN,NaN,NaN,0
168.786,3.99E+04,241.842,NaN,NaN,NaN,NaN,0
169.286,3.99E+04,241.842,NaN,NaN,NaN,NaN,0
169.786,3.99E+04,241.842,NaN,NaN,NaN,NaN,0
170.209,3.99E+04,241.842,NaN,NaN,NaN,NaN,0
170.709,3.99E+04,241.842,NaN,NaN,NaN,NaN,0
171.209,3.99E+04,241.842,NaN,NaN,NaN,NaN,0
171.709,3.99E+04,241.842,NaN,NaN,NaN,NaN,0
172.209,3.99E+04,241.842,NaN,NaN,NaN,NaN,0
172.709,3.99E+04,241.842,NaN,NaN,NaN,NaN,0
173.209,3.99E+04,241.842,NaN,NaN,NaN,NaN,0
173.709,3.99E+04,241.842,NaN,NaN,NaN,NaN,0
174.209,3.99E+04,241.842,NaN,NaN,NaN,NaN,0
174.709,3.99E+04,241.842,NaN,NaN,NaN,NaN,0
175.209,3.99E+04,241.842,NaN,NaN,NaN,NaN,0
175.709,3.99E+04,241.842,NaN,NaN,NaN,NaN,0
176.158,3.99E+04,241.842,NaN,NaN,NaN,NaN,0
176.658,3.99E+04,241.842,NaN,NaN,NaN,NaN,0
177.158,3.99E+04,241.842,NaN,NaN,NaN,NaN,0
177.658,3.99E+04,241.842,NaN,NaN,NaN,NaN,0
178.158,3.99E+04,241.842,NaN,NaN,NaN,NaN,0
178.658,3.99E+04,241.842,NaN,NaN,NaN,NaN,0
179.158,3.99E+04,241.842,NaN,NaN,NaN,NaN,0
179.658,3.99E+04,241.842,NaN,NaN,NaN,NaN,0
180.158,3.99E+04,241.842,NaN,NaN,NaN,NaN,0
180.658,3.99E+04,241.842,NaN,NaN,NaN,NaN,0
181.158,3.99E+04,241.842,NaN,NaN,NaN,NaN,0
181.658,3.99E+04,241.842,NaN,NaN,NaN,NaN,0
182.158,3.99E+04,241.842,NaN,NaN,NaN,NaN,0
182.658,3.99E+04,241.842,NaN,NaN,NaN,NaN,0
183.158,3.99E+04,241.842,NaN,NaN,NaN,NaN,0
183.658,3.99E+04,241.842,NaN,NaN,NaN,NaN,0
184.081,3.99E+04,241.842,NaN,NaN,NaN,NaN,0
184.581,3.99E+04,241.842,NaN,NaN,NaN,NaN,0
185.079,3.99E+04,241.842,NaN,NaN,NaN,NaN,0
185.579,3.99E+04,241.842,NaN,NaN,NaN,NaN,0
186.079,3.99E+04,241.842,NaN,NaN,NaN,NaN,0
186.579,3.99E+04,241.842,NaN,NaN,NaN,NaN,0
187.079,3.99E+04,241.842,NaN,NaN,NaN,NaN,0
187.1,3.99E+04,241.842,NaN,NaN,NaN,NaN,0
